75419
467761
895460
726806
127893
713084
558940
694182
847005
712714
771038
14943
143729
798166
380313
367313
465464
678971
658292
948530
219973
118534
617511
94343
403455
442751
883166
357992
578060
696157
532109
497181
380520
72171
276000
827100
391637
246832
20104
692280
721451
898576
982950
932114
537287
631363
826556
636664
697820
77614
126209
78210
779977
763689
535006
404376
729294
191732
531893
263188
763167
537792
744124
407698
848468
336612
151816
28026
991301
287864
766399
518928
158796
661480
838609
140423
660595
53584
126103
352000
98958
24223
820386
33554
161605
319598
511467
859225
624837
524026
472814
259895
699770
336322
734681
396708
474106
559181
533296
896527
134182
123835
423730
720753
808002
924620
589126
611971
486052
742095
453702
141869
199357
265722
894403
206529
591384
14542
497025
970481
813313
672711
904126
210587
279558
623017
13292
264492
250103
106033
592635
362126
27483
690297
10884
918745
955919
973955
966725
109772
893952
550556
430609
660414
194867
459207
736601
328147
486742
378440
193332
960128
339971
1086
387802
350658
944984
941690
893163
410947
911105
927552
356806
989360
295989
412904
132472
287497
49544
846905
125736
590915
265634
467039
200517
297991
967856
212973
778502
50947
193193
531473
87658
172781
602858
697451
781950
586727
71544
400179
705742
170822
515124
650456
814446
532697
804960
632367
463986
342487
903617
42377
26481
924336
668533
934622
669726
722257
735530
906559
696554
508307
406569
931537
4797
806962
230422
702618
422438
122420
608124
120909
906226
622480
431158
581476
25448
436814
334304
847710
653028
582509
603632
713064
934799
110438
480788
649495
393800
440023
875691
336898
649532
234370
696855
63040
686316
359496
169696
846307
797805
3530
29043
466275
753526
88336
617856
590251
570023
796945
133043
28408
584645
596234
624584
960736
695649
601206
368872
139086
59397
411439
637076
388765
762934
623658
715943
354770
847973
739831
47072
219369
443147
139314
768362
260347
418787
538832
663842
356508
488460
663307
237414
349870
531205
422044
745063
995319
700257
996343
130680
430286
915089
967189
273952
341205
698818
789909
12241
875178
310336
351340
98803
912178
913537
658047
184008
45030
84350
16184
151822
836170
946527
71892
871628
124452
771594
347304
955762
201184
794100
450420
282902
581650
37364
835943
359785
188606
497525
681384
934789
112512
302539
153110
125739
571657
286570
631365
472528
46932
603393
848309
977015
360032
426194
342431
635216
159076
962004
191383
212930
880320
545070
512283
324739
676958
988272
602576
831772
35836
271362
264269
253280
949982
611684
721644
489324
272298
622550
453669
390370
637556
19642
43829
215362
826761
896698
937507
86134
834604
675797
470395
441966
6302
346255
109134
433081
947184
989005
455652
758787
667761
680517
398180
6797
10999
13349
42882
524174
739787
495970
411743
6219
317122
391538
328331
485255
199986
502021
31904
256060
834585
337893
480422
633860
624930
195888
644220
991538
570693
754582
960793
353916
891894
394028
190806
299683
132773
59856
410481
761765
184394
817032
485451
900849
591108
432769
982112
110994
7570
423247
775991
381767
321057
193780
583807
763530
835185
722249
597810
930026
993223
344283
795654
212875
557632
98974
805555
263553
344692
300048
558621
759849
150991
94720
221188
832450
329873
263166
896956
862142
316108
555629
281309
871923
916718
859083
593535
378372
107688
739436
4820
479848
636396
687015
495323
473144
618194
235769
735472
741445
361194
426513
732717
387821
25634
387378
785079
424356
998542
127414
256996
132434
190317
110456
178246
898044
261068
230892
164706
676404
139233
262826
745224
722428
375414
839167
699786
446191
661886
756735
695241
478133
60717
974613
102739
550809
2217
703703
889725
868393
959777
490989
648720
578312
723674
793081
539183
750503
403466
868312
135000
18882
807984
352316
642585
967651
121168
23819
317216
285390
928064
66174
395410
574564
614407
267509
877842
795369
249209
787436
429493
123217
281922
886969
45345
532223
905492
388597
135493
74084
786932
731202
212819
571585
307611
345131
952033
70189
343143
67107
300173
533714
936411
80940
325889
850012
684789
383819
474918
439208
293703
579838
33852
117571
108581
831458
341265
121674
49274
633619
595396
850867
44231
797677
353794
654960
880743
456035
430260
747126
634832
77878
13457
48536
139876
494197
564441
305072
195341
966758
318543
155557
959416
855543
857350
513458
689208
730049
252762
33213
782191
747624
735109
120609
941758
611912
835535
571843
901114
843226
845960
526273
203138
922736
217933
729993
612622
274831
885701
743181
634317
628619
954169
175165
80960
964136
867655
573230
892806
384380
404515
767144
308611
465424
68143
744261
84046
358036
58697
201825
445685
491979
416388
911949
389033
966333
760521
944790
297797
845087
319357
489282
328511
528705
735861
974554
853917
173521
342251
737078
233736
395121
904532
626601
307369
685228
682887
665227
520872
956509
82527
340283
664574
984380
150518
54904
354958
243509
748045
698534
899208
750896
641812
203684
226162
726468
157869
786063
429834
886214
583062
587361
116851
968303
310697
800099
345220
190963
316016
922954
983005
371269
442196
751476
41480
862665
960644
80372
508725
660012
605146
850687
340675
968628
295167
98704
604881
736255
235819
954742
74902
443432
593100
430309
48461
721083
39420
94919
346510
449977
827978
453312
641895
318246
478257
274745
481336
963424
820994
690529
147560
277600
252570
96698
638323
374678
443826
366733
868
160934
570726
198226
125194
715297
714264
387861
554344
698134
311721
263489
247596
879024
437220
63174
915722
674702
150607
643127
849193
999981
316193
130806
616547
375836
655126
708021
702346
156302
390861
487565
330382
302523
780663
19258
677101
887018
741548
684568
784118
719459
478991
609423
600879
40030
852139
988358
272697
320753
637509
480935
867295
976044
758182
774627
871025
321970
130506
941947
487774
129673
220130
116270
14773
428456
453925
979928
871502
36807
958620
417608
779175
738454
341649
848529
697386
710307
467891
912207
590203
885929
134162
370192
279370
989458
820382
733628
120499
514047
499320
848168
77997
105404
684100
501853
330793
890112
609666
902361
649224
616625
338375
809813
709848
738800
885839
497098
249643
299921
764123
718243
162051
560196
144485
797389
186842
449712
182220
676201
993531
707419
499875
889799
626583
265328
87846
850238
363043
178337
796668
216126
184611
844657
190723
314396
676121
869717
839807
532993
531242
17871
282217
417628
578492
593351
355656
292575
201878
11790
766343
933336
547532
469163
947554
189546
694674
484654
727968
813814
764922
900400
489269
839936
40412
910884
291752
289677
378465
778731
835679
333234
490601
977834
455674
169426
184479
654227
333421
77987
366829
275879
409242
795196
630850
352727
125180
987020
100875
510624
280661
13354
614129
314941
885826
784674
514605
331726
489221
300531
87879
538391
212936
219349
699777
452355
613144
491835
320780
10258
696666
273316
61500
343073
356290
522934
925194
303083
586742
492032
355277
908734
452530
367582
330415
177198
966572
281736
167140
468631
374969
850298
792120
30228
998322
307390
322168
516632
576144
954387
590928
908123
438895
28545
726333
85076
162748
441446
121628
357705
291480
867134
512276
308342
964688
62980
786351
798106
622490
69276
51889
326368
225887
999490
327559
966451
10498
811280
862748
136969
433328
583636
949952
711717
430881
940230
42351
817418
438437
952463
392891
119344
193417
404347
546910
799127
97042
858179
155349
520270
701599
368614
382591
629391
580435
330281
187212
27707
623176
426570
122228
461735
755225
728859
791444
1102
532480
252206
894440
39578
478227
321598
742651
963490
2070
628864
717961
313177
394270
53472
839799
806405
439942
683259
471169
479077
184970
696958
554791
278622
551920
419101
345243
835263
929949
238252
152382
720169
880152
109542
506178
170484
852289
983119
624333
999106
414777
623163
250171
196237
285187
356765
727886
560075
592496
33740
512027
313331
752040
685370
37023
577518
394462
875627
325748
487558
419415
11683
733443
534849
846833
578317
496053
986786
678712
795530
916568
750850
933831
881730
493861
617745
950577
493656
27057
784047
592028
462808
531164
65888
365504
324637
239757
549973
23791
804823
842511
364957
797812
454960
839799
880435
959844
61247
707124
633949
487403
288161
483819
977502
843327
541432
753925
911834
637382
283223
771324
678700
656574
963441
603771
201523
875435
607048
1969
963810
817770
381133
519950
626583
402150
967348
114918
714822
58100
480442
101421
882161
97526
276629
85182
751233
92829
352682
943991
938270
570960
133108
754772
444112
669691
914732
33776
872436
581837
540648
212004
807088
426261
800945
53745
216144
328187
628784
579268
29656
658637
661398
12199
401550
51868
526219
40742
855180
673042
32685
402684
462585
922477
592966
764717
997898
761980
816267
255777
463047
974664
986680
372740
405971
205427
111297
214116
492830
511763
415781
38404
982929
596829
212187
730072
408953
121977
535771
765256
865297
346690
564698
761829
415366
69426
356580
785229
907222
422034
836657
620653
397476
918731
691035
794169
854595
467961
669721
375704
144184
201426
581513
23394
881190
625927
738808
636152
744498
154747
878704
985947
645222
166556
690100
753907
730195
534610
64891
593524
838067
296832
507040
525068
224820
503932
669119
556387
518387
851361
13708
583228
31985
688912
752289
802905
320997
801737
810666
750290
558993
809810
675461
666398
687334
931950
361779
591562
699393
387281
924279
415358
574301
405531
876078
18504
244941
27178
954411
495538
859236
608404
286239
890681
406773
62048
949331
288641
281876
656852
834278
670685
643468
459100
260694
268545
139995
10874
871910
795833
572374
848726
662457
166706
158513
330474
305217
499228
429871
182346
637366
445661
240897
102837
335337
695197
592311
707812
523281
761783
213366
913739
35637
155741
338096
4126
196289
746476
611206
677514
372958
705465
245764
503381
571355
398389
237036
90022
484332
726285
540203
352610
552734
978224
79294
236985
733681
225336
885127
473026
360419
673653
602910
254915
693215
438195
943213
124274
689402
438612
342971
966250
667641
349111
498708
879613
576944
466859
132066
639010
459665
531539
397618
613389
854217
951666
450931
500184
722198
640829
440471
709171
637243
183512
858807
442300
248496
457793
966888
633359
599495
807058
636170
503006
750531
924750
620063
538075
500481
311353
40418
972197
96771
305548
286796
710405
672454
660060
25003
420843
590707
459724
352058
968335
739510
231518
353806
766003
672596
445492
921151
393662
551356
899552
135553
681246
171312
666200
763262
528139
946242
57117
266711
551876
930956
428355
188834
658429
868131
602255
905680
226752
334501
980702
808403
646914
168298
412318
904552
75694
585852
164245
867155
621125
82914
322950
928265
709000
613015
14857
728883
947221
99491
344986
353578
478359
576405
731846
636878
485508
735135
201281
841812
123200
695335
611490
545329
397944
664497
909535
996076
758301
729394
159516
773908
820909
880557
890452
834682
4732
876608
831358
287875
566967
209699
473633
52711
446673
318296
114001
929209
446648
705826
538694
362830
973582
456001
195668
78419
728409
126334
823692
339158
700261
307263
132702
451734
786220
487288
359447
177536
853123
256186
736925
561953
259567
57228
738826
885251
354341
653695
127534
224034
126447
226332
548216
374399
208397
555759
811012
125427
108586
729146
576735
320523
508817
851022
737092
947118
938110
472426
573358
74794
32692
673246
894608
652566
38396
756460
984471
881363
5536
704449
119122
658976
409721
279853
379159
30079
599116
575347
568823
709595
499807
733566
582201
240077
335087
899229
178960
919471
936025
498031
305216
424240
295969
313111
443205
293206
389438
304090
392192
382085
397653
232606
622516
167834
257402
123358
754254
374002
644427
372824
286223
617689
515864
327252
328854
832445
691936
639373
590915
310676
407319
846879
664839
909027
919268
881920
647023
508348
353347
78293
781930
816611
136732
754421
691217
66561
244816
511710
475951
936020
205662
906517
721850
70951
724185
342334
664200
98276
948977
37011
198790
822738
738432
262420
366984
396951
893104
23688
533105
755643
782366
762313
108850
368114
520265
78078
295100
879557
582183
860891
122113
19226
672959
697975
51107
295661
973183
375555
680349
874814
222652
193525
139076
293305
234785
174726
960130
489292
524241
107639
580933
629738
887625
876731
929342
458462
189832
993178
784470
261481
562546
394773
683922
26033
625177
439125
958792
50411
298295
629701
270478
860782
845934
898507
90645
455988
130949
742191
345279
755856
234754
381222
846080
667739
386477
815855
318168
34705
430349
933530
337368
115435
727858
256551
642554
521629
835425
156459
528516
740235
114516
581059
294664
950376
276846
832960
654695
690866
264325
845753
364397
113472
862201
358988
162545
445014
202263
985965
336415
17715
479212
998889
875250
18062
785614
72646
661285
870655
986442
113464
140786
495141
529731
178864
292366
328619
337036
265314
909933
735712
505650
383215
261767
536783
411229
611505
518071
508131
316815
268572
741571
745488
241957
748054
690159
864002
793255
970305
754128
497910
644536
106906
903014
851047
397102
649727
772867
566223
97943
490889
860305
193132
733056
191777
690447
151306
278914
763176
966758
866583
579244
68587
277615
544659
378246
801661
504272
424698
238014
365480
243459
97625
666421
412901
307405
695939
750177
525568
180063
643024
7687
395514
955278
579249
956803
206921
334554
278679
215831
387046
303919
433234
935995
962215
357181
926219
511853
779623
892300
957409
878841
964139
727865
300054
932679
32388
989117
772013
672919
389328
109147
128998
890172
805683
386205
803583
733356
203076
858333
707968
905912
854947
806514
310669
439386
155071
462508
533606
781008
596334
197355
498976
914111
39260
725875
355222
213376
416787
562196
505810
582367
93829
431808
981637
848450
34294
714976
752202
623062
625276
150700
952814
960223
272798
589964
389580
346742
423717
778091
751889
893131
272604
677884
157809
134879
237296
407013
301424
768534
929217
388812
56165
427578
925330
69727
133281
90960
695824
164638
464910
255758
658266
772685
333641
415874
461539
715698
888018
669960
829483
755156
663817
42383
864621
495917
596386
187848
899931
41754
569850
56864
169480
386641
753809
967049
738190
1524
904362
189807
331441
7612
883132
178428
993937
133964
7352
487595
184807
625769
979817
171224
517068
279032
632324
492042
191958
854402
850868
880485
691541
566636
959409
44067
703434
219840
933277
557155
771585
703291
14601
615235
794990
912805
109219
861574
85888
975569
604045
553119
106820
157868
376628
662300
539569
967933
802585
634871
971722
292123
421444
304498
956012
219202
905835
212463
155208
370946
749303
703674
407471
272031
240513
750
99252
12744
45202
131438
950883
338493
525400
996399
871
186794
217159
138522
719804
332492
228845
401208
118182
281978
854490
101830
502974
258897
468198
156125
426
665539
503958
859935
107378
209036
468971
346711
881336
352939
863817
667180
502273
604718
333863
512556
414494
273725
917187
754581
926857
168021
507584
726514
469345
276823
120345
354396
704696
298997
259036
635004
926316
789121
992697
939868
541362
197799
241382
950766
51735
109583
178977
925074
128051
294582
832325
140123
287186
527603
451016
392031
53
842653
720431
945584
131410
948237
391410
155568
650344
737630
123335
718614
634360
360289
596845
148777
487205
752031
948447
343038
57134
755323
981494
804735
988421
960215
214119
272417
967309
112707
30199
20671
653904
178410
725864
858244
419176
336070
409459
620641
578519
836087
569830
588053
438754
521108
222727
261888
680258
790790
216677
353205
18096
207837
470981
987853
413011
644897
740901
136025
665706
346600
186568
930826
183128
310377
695186
293113
718755
157325
23614
353732
336670
584553
231795
900041
886788
244841
915824
197103
498473
186647
855056
541048
184172
340606
411947
404095
736288
246531
875319
260341
148514
90901
546589
982766
81594
196315
557807
272657
22486
593522
673121
485496
768269
388159
714142
832895
798859
963968
628617
325279
413389
11222
165607
447029
791888
139226
45046
626465
682198
500761
457779
148373
576043
967875
464414
188391
403673
439121
423106
424367
526715
620865
843530
422554
878088
132973
597575
162317
146469
469292
327529
411327
29039
762949
715213
424877
360729
87726
669184
329277
781224
872603
634546
644105
253698
646191
594172
719695
54640
987332
455590
241138
8071
107241
142180
571362
794242
129999
778324
37491
536723
67978
636760
247192
669362
361341
762421
285613
363874
340118
586634
222182
21754
489038
921690
432237
72926
228140
261071
83109
556280
276152
131373
623984
719008
948956
726074
178725
713533
450774
243961
507305
161997
134403
285469
20831
747690
294192
764618
391194
716755
834877
601159
805620
768591
563871
684349
261462
46704
12601
363946
257587
823050
879191
761738
422837
264058
269499
954841
921624
213570
73984
212205
525381
680467
394436
792836
509485
203015
276124
181278
579691
109865
762
40583
533119
363658
281046
848826
41398
188776
725694
303558
433681
138666
799319
372400
712426
142170
727661
299465
803857
467780
571462
69638
101661
11063
728524
74483
527233
23157
208303
608141
26607
48253
783331
874218
336657
805825
797373
282123
907136
771388
942575
537513
454676
799365
275781
365236
985634
806907
915419
644609
329617
861494
841911
419644
715700
255340
994973
151432
402074
43378
634107
429825
539687
859778
577309
861132
701615
763677
719320
938089
662615
549049
27029
263932
793982
634834
487677
828749
495460
315741
811357
85463
12610
32972
474415
829968
958710
237991
678227
131161
373600
664596
856445
852878
846811
447100
824768
355534
995481
668628
148426
345542
901589
130353
805151
921463
216027
834288
820269
917905
831556
826411
866787
360007
794435
462197
877956
960391
942952
563726
606955
948214
39520
611323
399861
635598
710047
458699
605081
882084
233898
1659
590959
625645
267785
358119
736250
297352
908929
549326
976439
307816
769815
814840
599759
815677
789838
559188
422459
165495
610225
438216
473618
455110
253831
934263
299796
730546
19274
968295
540574
452414
725907
697550
524671
899500
643654
117355
165380
395049
591291
145222
396651
970951
514312
910503
601335
636430
800553
591659
12118
402156
176850
945720
745013
585497
9583
867188
905090
464773
540649
903591
468612
95010
650765
169001
492193
576793
602529
809673
269348
911593
932205
483537
551661
258345
235922
720455
638446
312576
849313
424313
691801
90569
863607
849906
640609
646450
31251
371757
722312
649002
198280
855059
803672
457932
967549
498263
236481
455003
173413
672886
576576
210488
835360
769193
5921
838248
550843
162090
376050
898318
575450
281541
550
743309
701669
128800
801417
401455
831069
606098
220670
346804
367588
215431
326403
497835
522989
789795
934911
987102
421850
529010
569499
653031
525731
381208
497619
717886
132826
773559
983008
385302
633733
892694
379679
721355
103674
949689
5809
353827
221920
788763
920470
577877
15812
581519
606192
673295
166941
163530
247300
963386
774525
88587
750872
730889
202119
285062
251561
139997
785841
992228
48572
947330
487416
125601
927365
81323
192285
520625
797354
126754
73398
773178
411471
788552
626904
187203
826808
107362
39026
282377
883016
36119
854523
95370
147999
409413
979345
954326
232539
759370
619617
441448
255100
282851
834110
896395
685234
222831
878178
306255
620934
52592
112694
404237
951896
5662
464281
729011
569392
822171
458592
270672
94889
762854
513527
330227
575954
721076
870290
89161
669457
851219
785959
459525
733758
347429
840026
276566
848256
100318
414159
935797
795081
987935
783705
384833
937940
591240
873016
523487
569385
282773
756877
871409
547242
484357
187035
35007
247056
828073
249965
762190
630137
210392
756378
319756
312658
723367
380973
70234
606662
522648
739284
609185
408126
602529
556688
344464
306643
832830
437048
907228
642822
735518
142025
103149
938381
156205
480655
152944
439971
55257
235954
455772
327223
815507
905844
488430
298370
673345
294878
840874
454916
186551
438878
10704
390423
841452
938008
632841
72265
272966
333571
98903
247954
812529
621641
830264
429071
395678
35908
402098
666887
127177
318755
894632
255458
488670
102601
535018
330887
923585
952758
507859
640407
804442
121323
979432
171659
235117
60648
525435
684350
279860
125746
848398
436378
777228
506943
11235
25776
457449
898547
954415
649440
413781
836370
1064
316759
456096
865727
943981
360614
155495
611949
899560
254996
950943
284760
607483
551040
462326
819697
961897
122414
657844
820011
802884
900007
233135
280093
986146
842583
141948
822271
743983
983067
643095
204796
576420
415228
45456
688906
853011
51828
5120
481281
874993
306779
57565
326081
726057
443438
278476
865481
429841
236562
565875
499670
623781
404370
956939
335063
830378
181237
547008
39522
120656
287429
807546
849486
458644
644719
262641
581302
323548
827768
349098
208273
140462
667166
166832
302277
668876
31509
475380
795559
377006
641860
319816
217845
827840
813338
408655
480603
516398
791006
5650
451492
594486
857541
861642
220977
83044
790695
195370
143736
312086
613719
178245
502938
137279
167193
359134
460279
907188
53839
797725
80975
917927
872194
59602
258569
184887
772842
360397
890110
16435
898347
184875
221273
136193
512595
930067
495710
571565
881623
504361
974769
99849
353468
34168
344921
790390
737244
977236
517775
866489
460201
477490
322908
216532
705869
770096
319663
143389
121359
418266
666511
916351
880939
319914
385091
20822
622753
618007
243318
271487
634729
460443
832496
249430
724817
183551
921690
216846
640950
725374
481406
248822
670986
404033
982229
744473
409540
424653
211440
722789
799263
262402
863419
710874
847301
219213
349566
314754
938035
892683
732453
906111
416897
594402
667993
815609
574749
736950
68779
775689
739581
686113
705614
488688
430128
60053
871956
244050
172162
403278
481720
138417
676450
618122
240542
241637
752780
525738
470057
917622
508886
925667
692531
280174
330975
165666
53523
257217
243445
824406
63576
867777
967955
106944
833576
357649
889760
698956
688581
729768
727838
855773
770486
491462
650197
782095
581115
661181
16304
118454
140083
851145
85580
139615
218024
44907
147982
330205
294979
513304
80349
156175
389387
619819
136709
667101
629648
410814
399271
135902
834052
797528
998555
988117
903201
209535
649800
151544
290603
660315
818774
559151
463890
546626
263228
34804
414309
273479
576171
793669
671564
480609
598293
296747
316361
811414
267804
774774
516349
709811
622159
781493
252751
129189
415250
633264
588183
138289
98113
447354
369512
351133
209151
150911
761148
338120
286732
612699
782415
135781
826834
256696
751581
815476
248001
357276
196269
482403
393877
627119
660654
26103
235426
465444
53718
928328
191843
707713
115812
925260
17889
806594
701812
267612
698711
932164
341812
38969
975038
626959
771588
961326
100292
301931
524405
164105
461384
23637
668615
796958
305651
421017
443281
398227
484022
670738
49162
488647
345868
767260
543386
982264
255242
800742
563012
882589
244761
734017
183480
951277
703136
574034
486168
78573
468705
490967
410764
567651
570874
667497
939624
336363
256504
54218
285201
574889
715523
887859
634922
837258
81639
616102
778816
169311
838933
851356
284297
842621
503759
897333
842622
72841
868585
529401
944382
648028
533516
122406
987011
785224
142379
313669
540324
805866
8174
672262
27618
610487
389460
219283
806796
290912
596397
58280
759903
746739
422464
70559
198899
805160
39483
744675
798248
715918
730211
622419
982696
40586
864128
493245
153516
221963
161060
293580
642068
781907
203874
603526
266202
828536
706964
564797
415100
607384
536400
744994
51018
416013
395248
882728
981732
118183
346989
222902
63291
803414
125269
187309
618688
952788
290340
810976
728246
406091
903292
439273
661798
566260
10519
998823
556486
725274
114149
836775
804346
435492
691358
90228
988482
626617
966445
110799
537310
29862
143431
8396
391559
801169
177994
492237
311514
142570
433332
711242
794005
586168
463928
760123
368323
503954
915297
131131
803316
604169
857788
326233
917427
896938
41386
945774
964877
639244
616525
357298
840528
233065
146774
514553
984909
368464
418805
931788
439219
489361
212861
615192
622431
610431
594489
789144
252344
584840
622546
305070
113777
793371
776329
675571
6288
177280
936186
460150
537399
527577
267940
29369
317773
540885
626500
796625
426132
43066
466545
314569
518438
862677
761632
913851
846112
172163
662791
578465
385634
148847
305219
742948
107872
293026
902946
712316
738193
415081
273820
428272
647031
57865
362823
121028
169174
274520
4087
795069
213221
344038
975601
340306
33613
329196
971306
201680
103649
161183
444419
786809
682598
721817
262277
44526
99579
584985
419003
29016
171743
433291
419727
523624
436356
454508
289869
942875
78133
307282
862680
758220
381181
569270
416921
745070
886448
622206
419282
432687
133420
680201
407510
932157
156315
439939
396662
591621
885384
829428
559636
14339
319183
461509
862052
703102
742324
446178
182778
814211
139509
19498
129052
403009
193002
196785
16889
533270
762506
971434
245712
189618
700512
259621
648827
391639
177950
49259
611492
976297
734086
555269
40799
32146
997158
416159
838390
161913
98195
391053
562516
252531
466052
395353
702579
680634
622980
604146
179939
775077
323988
773917
593917
117373
738005
273946
48247
274897
871291
995909
981246
530346
7600
353061
538154
481920
655657
409100
387274
922983
240976
306788
105974
397956
765533
530045
283016
870468
678972
74358
144535
955301
800670
219867
195187
726153
879212
953618
113772
763216
485933
141983
919809
270504
630495
662785
737232
839934
561160
761946
982982
49209
467264
298524
414214
683525
694624
195192
766022
208542
110524
346501
571902
90565
250547
404457
102063
422630
396580
993833
418156
867170
429101
212173
203408
200384
190434
881194
897440
376230
531028
825755
177812
669802
876361
781803
370142
205891
610923
14853
545231
168114
295642
294730
600151
922790
431087
773428
53370
340522
493605
225281
55559
185275
259910
359853
81350
990028
397009
459232
170999
919234
107706
194995
766818
971587
234404
211292
187270
468037
724034
300184
428069
39241
472391
183323
184583
361770
123696
77961
181095
912983
493980
699193
966021
157558
84153
939407
809279
64531
907494
565894
835621
379314
791050
400726
196608
853593
18013
526934
479613
462205
796962
435779
554494
245636
531930
287792
573133
462918
730464
63130
268010
803088
238627
828457
419967
160494
127519
218616
902061
408305
993646
787166
246274
187737
751963
36099
947216
483937
315849
172623
584491
862731
261857
115542
178815
835109
638133
961370
873785
634638
917366
244649
959487
169765
175169
260319
396651
633415
625032
82569
210197
655413
77369
876960
649677
817335
856726
15537
249113
535966
890712
997038
328721
940027
77749
132055
246199
425802
771340
975844
315696
672919
867995
956757
566689
97992
975116
748558
672613
458188
960122
782473
797148
665921
752647
729096
991978
375412
584468
593657
926073
318817
141917
544743
89251
564864
553601
137269
545531
79481
469618
698511
662711
329265
86174
351976
306768
553523
29846
750532
83795
681325
560736
787893
35139
266601
469420
972456
681513
42517
244406
380136
803641
794385
188435
459445
774712
303632
211614
119021
545044
998519
94240
186405
946837
300187
362481
97538
985459
368844
857488
406648
705282
836628
433139
883079
617305
392070
646848
482538
251315
63371
166040
378585
521133
8272
392563
321646
672538
161871
155129
226125
527177
94973
189902
706654
47105
514555
245606
274627
405092
793463
805541
578085
740430
605704
314092
129385
121475
673584
490276
747610
319739
737568
472629
253404
493338
439618
927371
671688
59722
198260
7128
174471
712335
734290
491630
155539
694758
125443
417510
431028
507777
289642
471672
254921
78634
793748
232306
507645
623183
882224
221776
999787
662108
866778
494331
550535
342981
463664
610927
731557
278996
333178
110888
46320
996937
191541
508581
419058
346489
963352
288528
557923
916936
833056
720543
963760
930655
878575
394793
351101
718550
836478
846772
763299
531316
146131
256674
653432
523132
988935
171977
194379
133437
145554
195738
756055
243617
229804
69307
804233
461300
332047
566361
978291
717772
693339
680228
233273
109561
785734
24050
44731
230184
319143
383122
921112
287481
244358
272239
71199
495235
68460
494289
160018
14544
162897
599070
629338
515191
375617
439178
307539
313695
387143
304161
662112
533240
606742
793658
311279
959382
460438
754974
952514
785896
984594
321981
149485
329689
417414
170121
612034
249324
131428
363172
23140
351600
662406
468505
717023
874357
811299
562235
68933
221570
651563
798698
446342
542910
513408
317571
173274
351526
313517
965684
863462
170991
160185
49521
954879
680440
679717
164933
52349
822009
500852
557225
43753
113957
941030
67762
891817
126622
344491
690
344322
324667
270574
38029
45836
237786
372078
714964
728321
248706
947484
394340
919620
657369
256210
24152
443329
465630
515387
148362
425339
8170
356630
789498
211752
70609
716560
582329
401794
728300
631001
529909
725191
429114
905417
367492
977958
20797
438730
272485
449495
134203
219923
66334
483210
730940
561959
419479
536190
272686
220559
49523
712458
950727
661075
65656
543879
364192
428529
928645
174942
179978
376560
728361
686118
371296
635977
430380
339912
226174
652078
640102
286268
310250
89840
159934
523779
781401
25585
441442
737862
10701
90616
131899
469955
400822
977149
753224
365212
606705
215828
477623
520158
24719
136718
353047
577345
467756
896294
589546
138876
615598
506910
242482
75482
391559
82
654488
743475
64915
507932
257746
525811
973745
485729
208620
124056
443892
856972
212289
899800
568380
981322
255740
956527
806096
60856
634266
331637
264421
984691
31468
585709
424375
244872
182665
720776
688207
354828
690842
858009
354098
237637
405285
219511
863595
95061
604075
257801
757378
442676
898234
550749
970454
334290
812032
3491
661817
91339
383550
428185
904894
276090
5644
291446
57781
382146
936346
486447
914149
765546
160989
186499
773163
9078
388473
141725
339393
238639
583494
613958
416804
791233
249568
418325
547733
253934
312839
379765
240275
616510
782644
334865
998259
460037
652632
388461
711
773086
489186
99324
623327
628185
795387
458523
791010
410795
645551
7445
862441
353506
970573
196173
560243
627411
266590
556946
34478
161413
644159
252693
925162
777128
856517
579230
90547
69662
422222
784800
766635
160544
112173
628588
71272
203866
32538
696471
96124
188585
977467
812014
80888
160759
734053
730390
717731
239545
709143
930441
129968
159606
811470
793131
566934
963060
999818
206930
77408
990269
474199
29490
138449
712305
31710
312892
489256
124020
670879
173675
822501
329330
80907
654206
152021
336377
479248
480898
732479
990826
784912
171186
142197
696456
385789
182708
874824
391690
662821
874734
702197
154233
503973
501473
556744
209159
270195
396797
212242
474281
970920
681401
452382
933481
637739
362460
919629
101126
706578
107022
318534
583137
442959
194620
907195
545328
285228
113589
745587
638524
311446
930034
157545
121036
923846
954193
807217
701902
364235
684693
218657
30164
697942
588878
229631
341453
124413
329180
813279
7306
499820
73278
917207
801840
709631
769953
892540
862436
581637
491963
829133
282421
600160
711644
79023
875982
798492
585788
273614
201805
166819
492198
798745
595882
753514
446479
878577
617669
974410
37289
919043
197799
572190
209825
460733
326112
712356
530132
842493
523240
196319
639037
845876
315332
976992
831228
99282
560328
844462
62556
507331
114598
691163
133009
295153
900729
104396
535133
737407
362188
139659
763974
179439
526798
585847
690952
607507
757109
438762
2479
318878
825906
556935
442753
2237
699522
185835
639742
832622
965567
517927
406339
496564
333852
140438
974296
204303
21582
175836
766394
973199
723507
58694
655021
128048
765877
724205
120052
313392
465526
94286
851697
366775
6917
383153
140644
134301
467194
50183
859370
960848
974518
687363
643043
135437
767706
788107
508659
854869
150795
518364
223743
466544
993526
417649
491542
169566
808905
860696
769684
624235
666462
534987
559825
503754
244343
655648
599039
654970
575788
418655
302244
238735
615994
999344
818957
243060
451814
484896
580076
702643
328477
568649
281335
622389
711799
342217
3415
815546
340319
184267
539760
1565
192880
49003
442763
115687
446810
237283
739223
496012
780251
411306
101135
631694
309411
288156
253155
600002
945522
683150
656556
949598
665681
358874
144867
409340
172432
97105
470536
857449
807085
649526
793324
844874
569233
536456
889139
761633
617016
633089
825312
364021
468664
719873
203189
474598
145524
497598
220893
215546
564365
645817
247872
168353
790225
516984
271577
303063
248345
84842
630386
621635
936133
954967
327442
263863
988534
333692
808985
813194
659221
435945
151737
616013
65207
555562
320209
17214
993977
420019
842438
295937
631174
967151
870542
386366
346309
262026
40500
450286
490414
636651
241950
427749
292270
30038
571207
14461
440321
872735
520086
267508
169498
946480
401436
390507
87372
541251
938222
861748
134132
392196
298890
121011
785289
93473
783834
529222
384500
608951
680531
167413
384045
999477
971414
564022
10736
318742
390299
854223
777957
505410
941812
923778
539178
189234
584679
13660
969409
732126
900384
107798
580479
410714
727394
440567
844179
30379
650429
653844
952254
573996
961975
331114
778865
873726
260915
578151
640726
441764
847119
931617
668846
906099
59882
426417
286644
350565
431260
993444
529933
511223
641936
447320
983899
208772
958171
962315
608112
542572
827605
612844
584529
604327
239384
45158
714579
427135
263980
588774
168208
62904
650318
204956
936065
93909
146153
387392
534231
684224
228669
753985
118280
753958
612830
191928
783363
697118
302142
198289
304302
699009
126177
852045
778807
400
250747
196386
386985
170293
139006
957999
812294
889846
787213
76498
662075
315884
477129
491199
838561
744991
495601
653999
883109
583460
18502
9583
438735
28502
273818
70496
383112
967500
874837
224821
137524
824413
731422
322561
916314
807654
861497
433832
600153
843399
201575
100620
359761
877025
885034
978431
557756
821381
624300
712563
55041
946468
852690
175289
400074
780594
41373
315211
835198
78387
961535
580133
893576
986072
379906
801936
874113
491479
262953
135637
150027
52362
831462
241231
888076
632866
810936
335495
826878
364019
518013
985091
769650
96701
340142
40167
514423
934272
46153
86403
236565
478260
875824
505479
488009
131407
187403
520462
718368
786321
312473
503822
682363
170780
913134
294247
422554
219838
217613
449375
368182
37852
596757
515013
302071
1117
363339
538503
793691
427476
441593
460227
188322
41627
475560
262578
572820
110359
375629
180013
997048
154980
207568
374763
407867
816869
864586
815688
616411
616336
922329
890660
654727
648672
914097
177819
781268
132243
740357
620639
522889
225979
86117
511167
954382
876040
657529
70071
19016
375237
932075
163782
798424
212553
225890
287117
728899
944221
454564
6385
228008
755945
535510
707552
297844
992544
388649
868935
146332
844544
550685
960925
812893
578349
996108
841132
917086
442010
78106
871645
79930
832771
657894
400763
354448
882945
798439
751563
554271
449926
104102
255382
83161
656012
963494
4413
933667
656873
328433
789404
197379
56320
795743
664282
26143
814669
299044
689847
440414
794806
996869
605760
245458
897230
760905
20962
488011
743971
942076
155917
80857
676028
514861
887948
128721
668089
520073
177829
889944
798918
545451
451282
536405
16364
217277
510582
197153
525619
529215
160911
692679
629415
888424
238947
332864
883119
579772
434971
563255
76775
553147
228929
991794
779820
540107
487814
452041
540950
479424
904393
287997
511417
564588
742246
546635
134697
680099
803816
944154
796782
926768
204916
655053
998143
209139
132869
358522
79608
772120
664018
765902
95470
782773
842947
13880
44584
753755
574033
889977
134863
914849
732253
108197
694405
148098
171982
384834
16252
588129
572769
860677
319997
251373
53622
648622
394342
535084
63948
696478
615365
940285
103112
219100
272713
764584
566426
950088
306300
961424
435790
963844
268238
494216
261269
548790
951604
236945
135259
415884
85812
681602
521823
844432
971208
82545
303759
249290
563293
798046
889844
904966
25625
402703
9699
574782
733040
988016
818936
299296
668057
310456
714411
802398
853701
809227
797882
556741
797127
908165
714193
376197
804426
559408
114694
538621
261046
400711
175398
722689
736374
830992
68831
90061
556733
977018
859988
596584
633687
99184
363753
170679
71885
372533
119109
632068
639187
599838
764261
608496
133426
7801
497736
398481
938797
990242
676961
719848
186079
124069
805633
423746
185904
450251
791887
989418
784784
699940
758447
993636
986176
491063
369788
118393
52208
787803
245252
573922
6522
402342
753808
258638
286795
266949
685900
905082
825953
328350
925079
246019
38231
369745
94806
442520
280306
384855
900276
73158
77410
650521
343889
947196
389503
137603
422427
507102
384330
987675
584690
129119
273875
302107
496304
466247
124546
340023
559180
428120
808041
461298
336721
713674
737353
343218
354089
160326
995011
789246
809269
122705
458669
124576
934057
829044
128727
701906
923798
491541
110040
131015
912295
945666
954134
350913
268072
625684
314848
337244
753412
341486
550727
983421
911104
838299
216945
722484
432606
296931
482889
630699
497984
67966
998852
171055
483686
225442
53557
978433
618857
707939
197023
264928
832910
727283
904753
457000
255911
457176
616413
101836
324346
53271
478927
723322
684815
135008
958562
94417
920754
110736
692302
38434
249289
908620
376124
624087
227055
948025
130368
843002
113842
313791
410545
4605
840216
949914
156037
937219
107228
21538
601562
516684
85446
456204
999578
263423
516572
791812
776176
119357
73847
76418
774476
992371
552230
475015
121906
78313
270990
720550
486778
547928
673651
829541
485945
625498
247596
362654
639242
964859
908393
616110
825044
107328
623608
645069
615438
992191
735918
452697
750423
826122
440341
113820
674941
11923
291317
341075
802076
582894
525747
903411
21990
481185
772533
188059
981339
389867
417584
526237
418339
483052
351009
312366
331083
567596
582775
627534
819735
609143
190628
800946
309103
562228
822320
347523
696481
956855
903568
326434
931485
655878
625190
944002
844718
175178
137326
375129
732330
125308
147206
670861
619986
364592
5077
74358
732031
10620
701731
445402
142610
624825
139535
919357
66101
754864
538728
96137
557025
653915
923674
862378
2431
888993
138903
506508
932523
668129
759290
522822
204959
927601
435202
911503
919454
966874
385958
783257
462907
445129
254666
474394
408620
437919
460985
223364
561888
398826
799102
786653
715376
782676
73759
364372
219654
390104
708778
821448
855196
726204
242209
879458
368307
429998
899374
891465
852711
866873
12306
367943
916063
160852
80311
43702
262429
451081
290059
636807
791483
596542
494529
711437
242525
33671
776560
83810
505426
35241
963382
716365
251538
231694
420726
293734
581243
496023
988468
837164
288658
906257
641401
404318
451110
452859
706381
6261
772279
277835
674517
977754
675554
598595
902180
166756
549803
486974
122048
657602
300442
616685
635372
389945
829304
799027
396980
964563
89174
612861
571117
904731
964304
596680
920364
533550
610926
623913
628534
343056
292733
939658
532121
493896
764732
196062
452958
22542
836825
790654
953933
466124
489960
347875
396521
454126
666083
118954
285740
880362
281283
978184
804322
892535
330207
730788
428480
10690
351212
806014
770946
550057
234354
770530
115941
17831
83897
209938
200770
691217
739087
403666
126542
373808
121403
330590
750922
81908
955441
740003
554601
978464
207637
163278
224991
267031
378693
352084
888124
921981
266103
227444
220282
252135
49568
201135
755742
534617
678419
517587
770148
633380
681136
833974
740818
939389
108954
497798
866570
59508
863590
967428
570750
878608
8352
203746
310143
603970
248144
707783
774371
40451
372892
267858
460201
884271
757077
591771
725124
35136
546448
381517
494212
771486
581129
453672
430502
859237
207700
612091
59345
461389
980278
11000
167934
725486
912312
837806
495594
893744
539433
173534
315319
120676
401177
645754
2121
300800
369244
411982
583408
131812
803378
133676
660561
377171
376861
127115
897266
307156
21263
739148
50715
52130
469144
982420
674539
265897
23780
507258
590689
287368
581044
605790
399469
950408
946292
849614
265693
457982
380395
121253
682243
308773
626972
37580
513006
190464
840376
70896
903817
894559
544128
966967
809326
395662
63672
201044
298588
560130
137520
474806
366701
470064
959053
487853
133758
847677
555569
194180
906771
227664
647666
38534
658297
681561
519600
365481
580206
239406
865527
495736
518331
204893
786831
792766
916231
573562
749332
148122
506143
256961
568102
751973
346334
764721
727268
518091
212500
101247
790902
810835
650304
555747
44801
961931
921869
72351
645839
567639
829154
130652
801758
916461
559716
935140
875751
679541
382020
591754
818641
734340
483429
864064
979493
184841
606275
400453
6781
131806
10447
402440
365885
43208
735493
216777
760621
904586
29122
934925
980687
829434
362557
95255
70774
806486
605654
675862
268824
7772
984888
666654
397030
43544
58182
844404
902143
25697
722992
884074
383199
921095
851787
457978
650538
957679
331245
754596
487822
524790
253429
279648
879477
323078
425990
15196
907941
258060
790822
774218
2582
765523
944595
658410
519249
967181
692153
349032
543923
334034
709128
133865
473752
770764
544972
491186
839863
725673
266830
950337
916274
420069
984904
555691
688554
62479
715845
145357
364916
87609
205296
640782
438870
245041
162576
384957
577750
611623
582791
926586
549416
939221
206710
119988
164054
534527
198582
645227
111513
410257
822923
61004
770263
158111
304194
668676
37654
39191
600337
304432
688249
574597
58020
376348
218139
31667
769470
718978
482726
512065
142003
527111
630773
768741
862520
982470
306236
237865
367594
297557
391807
736617
190724
595542
532071
251167
617112
263984
364379
310709
304401
26153
530084
49732
704275
75311
398185
965162
141730
375033
467655
628101
216810
318312
753493
800011
174224
568813
531519
28082
302580
969567
765038
914042
793536
377221
529783
529134
32913
29110
847394
927567
112239
131386
29602
222196
658381
875270
189182
680138
465648
362269
846797
454614
460910
495783
656335
323708
527233
429748
52520
84821
206931
972555
74598
212566
462917
660344
665964
835512
316524
104808
723771
324791
919133
180319
108328
173034
342491
29372
938416
844897
778031
661750
977208
151485
737953
570683
310236
304397
226491
383567
183495
633963
402986
910501
703678
951301
901334
701906
581395
225268
581809
307079
110279
943477
798761
546916
687055
241499
333931
604597
111861
188266
562386
828101
76431
616851
192508
746960
41247
650739
198274
322335
693990
535411
606583
720815
853605
513149
205672
271635
760070
39161
55216
238916
185902
193776
675143
969349
835302
279027
606021
481468
403252
408353
588343
50867
716988
317594
47762
766705
423921
189055
835740
9545
114600
793820
982249
461307
136225
799755
366271
409019
226126
240382
530654
175578
243098
491242
42859
621697
755765
445981
341162
732184
570881
877994
210270
26949
236292
286106
529400
816545
31585
310692
823559
673961
42118
308001
664702
914288
132826
498039
4922
333622
328766
953911
545948
326393
769123
122231
113826
43158
137813
309335
646668
479709
396004
265924
527224
359001
227395
683856
226118
918435
406993
893748
290206
874708
496269
267099
361845
590161
871885
623727
133740
406512
547644
996572
941006
972738
266545
655458
187955
136731
897556
622825
186465
418970
107787
641464
170481
513711
234504
676621
588788
108867
175707
730960
793007
100070
970358
677356
902784
214792
325590
54575
427378
713666
529066
802758
197635
64920
187240
375505
549789
697277
755476
543834
508380
606201
796835
739440
187273
560359
130748
457504
584466
571161
426996
7215
148096
679516
530932
942633
99118
284062
138220
329153
63102
238738
334289
682409
297283
827145
557729
979954
24722
108976
31908
992797
965627
668250
39262
50269
838309
589953
355300
588695
788462
323780
793257
98610
822915
369212
595392
356923
897851
456898
935023
486519
717356
689311
139527
102973
377090
161404
372612
532584
644040
632715
153288
895922
64394
604365
481533
331957
953455
930717
426327
461719
77550
532154
167019
74321
331775
720700
89830
481442
652056
434778
234783
487624
22532
30369
553982
682238
921349
267893
558836
852145
452115
695868
341146
928999
14786
18018
646977
942812
606459
19800
880415
901490
162333
252263
604541
303113
693169
484615
354708
930435
69656
320507
310201
332103
463543
532476
890965
24044
941771
157541
780204
119085
672997
804040
526074
71707
62096
640313
665057
201088
729526
226601
790009
670756
893162
110172
986976
593877
764409
889739
719931
190248
719067
274721
323254
431397
729128
400072
623980
750064
386543
286850
344405
679190
727906
62931
655781
216079
523709
912429
152125
871963
986124
933136
527007
578508
275429
896960
37035
937974
654459
332686
66642
229416
392362
749241
445160
979172
447832
389324
201672
919467
941342
487577
594204
693563
908798
593043
73117
715802
483569
884177
229276
563083
293937
803331
691840
892642
781287
168144
438134
290888
905022
285573
514430
512547
155780
514665
989198
666606
8145
459232
541829
933222
481434
480893
915748
634386
779693
769169
787698
908176
191559
276438
230078
810249
161455
779307
784182
747587
785256
579170
53076
220116
497851
970915
30109
754309
986121
240099
36808
787055
503781
167927
441931
705583
893637
593997
611560
299662
462655
702638
433757
267842
350107
745648
408128
409278
169668
719618
777805
23673
704190
306532
251335
419033
942746
710823
954381
999441
2093
77744
842828
566759
313094
502890
980358
730109
551381
111621
809785
931837
331046
290273
896389
881562
836448
580790
749731
339032
567285
306081
725088
529105
679246
749461
177885
835959
656781
938458
340855
321923
208852
167231
2272
621203
508527
986442
67313
733156
749710
155456
391509
28355
481815
173136
215083
581216
683227
846492
438126
955600
833998
684260
651429
17646
389055
524646
596465
534868
886615
289975
21661
862169
622316
667735
38079
946342
487258
69906
855197
966483
850069
740374
631860
256987
521129
430665
124033
388808
357888
390642
174425
363688
554756
465815
571082
856895
476493
963380
992487
55582
605412
521777
276280
253237
8116
565864
473252
239115
561413
679554
577764
889061
428589
538651
473787
504946
198627
318074
712225
614055
406463
961983
91069
98183
437876
360975
799159
129608
945158
601382
510754
489292
468122
681303
266977
607163
340383
515319
141309
873531
127314
156189
26424
699143
251532
872039
213952
136578
50566
355331
238875
875991
207416
611531
935587
895483
589104
172242
160025
236672
671570
468025
658195
466391
136353
236662
917326
724932
529114
847858
93236
110581
874914
746230
879581
46678
588477
139782
631911
994694
285217
870261
24980
555195
532274
685407
47293
41292
312671
309738
827703
821240
150432
82437
344645
145066
272733
987866
643551
273349
600174
920973
608829
359678
290410
246282
657133
912657
476490
196645
263874
895007
78961
912970
40034
789515
434843
294993
595671
641418
418771
999792
638205
925363
348085
740756
798559
56787
117977
315852
725883
24780
710681
829548
775231
720741
911860
142374
356776
496715
8588
842254
641522
564765
929110
187955
926734
628839
81977
253263
764763
158478
72431
304332
532821
180735
568612
887323
70105
998614
242566
825194
857271
292556
401562
9543
536838
225109
916135
786332
643654
343472
253571
898721
475468
697311
757517
53143
859381
294092
911471
865770
369204
209501
83547
980189
252690
594482
664140
397905
311912
511126
228701
90437
561907
758758
909651
136630
155931
647403
226963
764265
57465
910053
142801
811945
712951
512060
740705
453533
611712
370107
28233
179637
414823
566269
227114
346195
34312
136812
196343
788334
384361
987318
979858
998241
332236
214812
187857
140971
141252
310326
215226
984526
462196
242293
816522
825466
672595
104250
678742
259025
346922
208447
317126
580014
140289
622420
234224
482116
636784
166507
369296
706631
35429
811359
749781
212751
431312
148817
152918
3532
927262
965737
364127
115071
228853
126550
477658
897302
811856
605681
632874
341714
624429
206690
933605
663767
205885
872046
463295
222540
648320
52956
970569
562795
549830
398918
808960
907036
676615
278525
322358
707913
406847
455189
939057
57016
988270
523671
505247
633065
993395
284050
65038
13006
116998
182263
577947
527162
654437
128164
898624
742847
768530
75830
654348
74527
707036
949913
149882
609132
175840
300334
475699
309582
256759
518515
59851
635004
641085
743975
907208
434686
914249
284040
276180
315380
613843
890553
396633
429682
412902
607263
786979
726072
85670
331701
295213
619243
179763
266139
774418
978436
887564
668255
716552
485059
242262
253231
637479
899345
341837
539217
607738
528171
879781
144696
109438
418833
748159
483299
903059
350694
373243
857587
204803
930688
294834
476752
46103
62383
677572
376186
787273
24562
46637
270223
61093
262697
5291
477404
344464
68732
978371
5490
89822
41865
10944
799307
490371
252972
255410
519093
635078
826265
172737
518995
169068
338253
512825
79641
228559
471050
673447
423457
498970
519172
485005
512256
275872
278823
614545
694495
826782
271082
242350
71686
662778
554997
670710
996992
517851
518409
384168
205707
314644
284907
546265
38566
34282
384141
169947
634283
113299
112908
506893
987571
580685
999884
545190
769267
671604
543322
104392
855148
462333
796037
638293
847794
883412
132213
428695
706078
655630
894295
783058
333288
934272
688360
152833
952765
949527
218706
424700
768726
315646
690428
34345
508541
588299
457417
291879
358678
530078
91345
978098
995154
480424
272565
870857
897021
720447
973454
426221
118612
507020
795259
381231
248434
76112
104621
547122
594050
598569
280180
260696
535774
946977
560955
210471
621252
996220
908639
608810
154488
460477
929599
734375
380244
268427
752168
340480
926844
117825
315503
309417
868707
694625
563004
885244
105787
732696
722824
312099
66564
196087
357751
187494
949675
970058
704626
444710
26717
979155
195417
16998
485300
730385
423101
292615
619569
609152
81722
803055
119608
701113
317789
785940
807560
827159
41830
346977
224645
21789
970779
824006
553824
468082
199876
725454
581282
16861
40450
7518
208754
323443
307479
72816
77219
755384
452895
103449
348823
98314
966407
913325
25241
502159
241649
555069
791548
320495
313067
951268
479979
994510
828180
344954
345700
608198
303700
22189
23530
945046
919347
403183
713397
317604
758011
263816
427562
537969
982201
533109
577062
762846
167809
568820
695341
757293
829321
22899
51243
292988
284778
562686
625802
750443
408285
598004
116998
315317
673791
163905
574098
645927
633733
951873
979895
425310
825394
277353
251075
616068
372472
684964
866950
773830
80900
925680
870185
855690
850464
102849
700841
236305
228368
585758
974913
107467
476644
298104
833636
711683
829482
634363
655148
746304
795732
460484
817713
361268
874571
202458
468743
87598
138634
941943
491531
925975
66548
920607
366495
983407
63436
335627
395159
889059
358397
226848
181970
280660
680309
695567
316249
253661
674472
845199
50063
64551
426021
260324
159230
433648
627307
140356
412504
618874
956344
301709
816529
296949
679100
208249
60334
170221
139863
652541
893340
449163
411493
367846
581588
318334
502097
646059
700943
973900
969348
158882
866857
676520
937393
694711
837931
639189
827701
699394
749385
576455
650467
171224
648374
298336
846381
173869
958277
483142
791685
319755
375350
159558
919419
855881
260462
359240
526733
387620
438222
31983
448016
271698
476779
970215
455150
38046
551562
289924
63206
367289
497583
393834
161984
587388
740779
549864
787278
390216
5448
599582
649353
386350
27878
971390
503111
70575
652179
462828
836924
340163
340575
99944
515053
226690
84602
897870
291245
709530
387831
948037
617180
882357
504366
184518
549573
434627
178693
378554
170361
369297
281019
895714
433117
23826
833044
326649
576636
867009
479822
437025
70793
58295
605228
497653
986622
344562
791207
621254
873425
199090
701479
542819
624793
672721
964238
862715
320205
246367
678086
648466
227426
47499
958123
898573
710193
228272
959025
52162
632400
245369
526384
629870
832861
135815
369816
565724
214669
653100
651884
75111
14516
48447
189510
395793
501013
30148
969250
543811
431211
647166
627584
796500
413834
68777
441209
324254
506975
485377
76154
544893
454582
984685
614771
736460
589853
372965
663034
561691
51120
665749
962175
384441
656293
447320
352786
553806
317333
557000
942300
449874
103967
436925
496539
751274
363637
887229
113073
830664
674179
436958
412354
277478
895076
478675
196519
173345
151297
514200
130628
208949
125588
624810
634021
776709
403282
326730
964321
974291
305532
138879
717601
687895
516572
973804
970372
861167
195436
726592
242406
137321
143809
924661
936788
736790
87123
453700
191687
450515
911850
264808
38535
274505
382520
990577
293173
566668
469958
298160
968688
625743
546302
765411
823478
386402
681559
613313
309578
876845
383764
941372
450534
921090
974993
121403
758824
843192
197757
235235
400892
614684
206463
641481
822575
74697
352038
338367
589869
437601
764381
1848
871049
931838
655516
922212
484015
465667
327095
649233
996728
714662
950129
866435
634399
395950
497389
131454
902285
284958
521563
720491
154683
738348
516037
942445
539780
112100
595898
910505
81367
533770
706701
198743
589297
279711
760308
230089
133905
309737
797924
517044
289077
987542
640183
606191
158150
543233
960496
247713
40861
20618
344132
256604
393901
630792
164946
842440
763784
752619
438191
521786
909294
943649
773475
473576
160987
28508
883996
312929
860482
98126
197775
187189
934787
337158
340204
551704
598766
238356
706685
872421
876324
592659
849571
623928
300280
798312
218307
809886
896681
339625
54305
15719
104377
296669
708926
522256
779047
706010
119411
907614
400598
827482
329592
397645
958978
337860
549358
755667
866221
848217
797018
928136
979607
166901
933913
568918
79218
766
627555
312909
777963
287437
7959
963717
947160
873584
664169
109968
166214
156971
835032
468880
528995
453696
135618
991702
492174
700265
235840
35487
148083
296361
694595
297598
570944
67658
98904
832637
411220
487074
401407
682663
92987
363662
574245
86144
317403
13318
120990
220320
253963
814335
68072
72572
245701
416504
22896
928857
97969
338830
878302
590796
768646
854137
903491
908086
898682
297183
248635
663250
299264
916361
175322
851019
444340
889173
991328
248792
399270
402024
988564
277025
777977
623521
404687
676847
955063
908588
541469
242251
684357
708504
608296
581876
861443
219411
50283
258752
603213
797129
225554
58566
265310
630295
67624
520548
535159
105792
116233
713968
675689
539590
546879
885750
841573
65386
929343
298149
821011
886694
64288
640208
795983
255407
666709
151718
438249
195021
674534
411644
169055
749775
558585
124308
645732
187950
124784
932501
187607
98866
611054
387189
573437
576340
421289
614897
118433
564708
898667
708075
995222
949552
886936
981407
725503
389962
659197
22185
972372
1886
402903
565984
295617
387720
835253
463374
626940
530979
156964
527835
509868
155939
475758
937455
894811
78709
99441
877767
26903
559034
4616
998742
275070
572674
914078
396049
758370
171104
691699
923728
345299
223112
419750
396838
402913
185350
144521
46582
90704
742563
55726
148063
726771
822309
550378
890350
891714
633669
86498
656295
510249
625961
905490
5594
695693
312366
756769
324540
240322
929218
885893
340801
522871
329321
989686
559603
760715
872034
871548
838293
132800
149997
617558
945643
706226
826406
908743
980161
553111
278852
698117
977040
406279
241020
83489
986601
909985
314499
774614
180627
159113
901847
238471
707370
87679
331347
277091
333873
334775
22443
740250
934112
957413
677408
788738
291323
432395
49325
515014
977714
572179
288379
455846
272045
891687
140792
27745
542125
640097
169465
600646
350789
355553
938554
59561
135937
606683
839465
753285
307994
490952
166602
771600
950766
466554
211977
31071
205807
407487
452044
219372
447571
719756
496024
124589
153569
224831
54966
834598
362196
409749
642453
47240
634042
910472
381267
435705
951488
103031
919039
647420
395104
730301
588751
374872
959772
990246
20125
627455
735511
223916
103531
947032
927217
895740
482507
786954
330960
390108
525919
299510
218212
631322
158827
534094
585618
771677
183944
647641
538838
859091
384155
935748
467711
314908
64445
8243
123683
676985
748415
339250
235024
660252
805146
964932
447889
421691
881828
182174
173302
804403
340889
513991
506692
991624
837709
907310
407896
592697
852143
430648
435457
108586
47796
451803
970909
836665
724981
210911
186517
784045
292676
421289
97421
641718
919787
659479
74189
920533
421138
847812
541886
486959
880519
654006
811162
374410
913424
73047
212791
318110
435271
164463
201689
918093
61621
664072
455049
746810
203074
883724
797350
969303
292319
263405
124901
916612
717237
207832
977250
719263
903804
303793
264735
419136
137729
110788
782171
529534
792514
209133
638618
28594
425793
67827
732864
242714
893153
944864
842255
212291
261267
324592
500916
629291
973364
990534
583015
659246
595771
436615
189222
434184
947785
952839
12895
151677
38003
280863
483369
912123
265610
389108
335473
521020
138814
384117
734541
273981
65926
883387
681495
151135
351317
272184
644747
544960
958401
364043
497730
232708
145828
587105
997990
58614
396345
884947
891549
587432
576575
859241
691038
117838
760714
318281
522991
748452
491516
603656
349327
33050
820714
539794
173237
291612
416219
476159
148694
868714
482179
520242
318004
870104
658936
987874
612299
165168
531914
252860
160160
786020
8328
307725
496741
215345
55977
723107
92836
657031
373552
785577
181579
898085
631041
514351
670412
303075
52970
132621
769596
911495
47612
845865
821
395071
1872
145780
354946
627254
351400
38160
577738
176815
868220
42518
601526
326918
834825
542359
252747
619834
107843
785907
503007
349309
224405
616865
33209
208672
197772
40697
747721
595832
288362
197515
336313
146764
498750
285494
800730
989940
638494
31720
383924
824588
474236
264520
170901
452641
142464
93975
902945
655280
452601
531400
20707
338122
141902
763641
57802
614996
377958
103967
530850
346655
720782
373377
232311
204396
251285
245016
997933
732492
480315
635825
550187
609958
145214
536656
437846
96850
700247
407363
704279
795946
477529
704546
53693
722274
52475
276937
108512
563787
660695
741530
657042
299013
268214
444650
33032
824006
17273
214263
427198
654946
55864
939101
334842
357736
629033
738163
726748
527503
913752
365432
883943
35595
965966
944098
145444
342508
325978
549604
688205
28698
47084
952626
364084
333992
741174
122778
28528
791038
979099
192048
512520
605389
313037
835047
39325
275268
301490
246566
673296
112309
940268
621098
858935
858
397867
132682
565819
256021
314084
597606
966439
485636
780636
995804
917281
44439
317655
657126
316477
678620
199918
502067
735183
298082
148647
667078
371360
451210
931061
328157
82161
768073
970788
202260
649856
979583
818775
499807
915066
11232
142873
792347
179430
871454
254821
578374
948936
648652
335251
880041
110860
6322
103187
1723
830249
539012
513383
175366
116300
316769
998327
148880
404767
42987
87499
684618
306353
701715
34948
642923
421369
521612
465970
183904
549182
35955
168468
895970
950357
198780
114695
792941
42936
416736
569893
882761
194442
215576
641380
693370
907596
317996
719223
733216
958695
895528
830753
961897
889013
472851
878989
556606
64577
797383
908211
818161
351516
533140
160314
979191
871163
164287
657540
835805
410318
353536
959809
145353
11593
911483
201084
838812
454386
429529
490641
510446
307309
286225
493514
912184
597801
187531
944586
432932
240131
471187
560918
107976
342106
679728
952417
685578
189570
128833
904038
693625
150507
606817
330356
177241
57656
779287
48537
42614
159462
128443
145573
576035
739734
622323
950297
997641
932497
632447
712616
6836
106292
696304
770701
214352
817193
299227
571594
492758
144358
320975
481942
796629
232247
848114
148144
306925
988703
281947
594598
185491
403295
970482
363266
826708
406097
93477
592160
928348
455651
517693
579672
480817
729479
485680
541431
941673
500904
886112
320479
439791
86031
719396
667764
978422
250427
364838
55981
457225
106490
500471
308310
620327
554680
215079
326026
45932
208090
751749
289630
384076
887770
191847
34079
60226
595208
197594
327393
303004
612970
972153
821254
107188
957096
67202
367919
34119
306560
336938
153738
803087
785439
701306
993709
892084
760629
605666
463097
632600
887018
701630
970958
705957
588290
319713
69320
768787
469073
800915
76843
244465
426500
823774
59732
386046
528645
218206
381378
508058
19937
357974
136052
995660
474324
810763
61205
99295
384840
307170
604816
329358
912356
193804
954862
897199
873219
525084
472020
66268
713985
586253
188174
358449
823988
519413
21261
65624
480151
271166
150786
54848
513975
88016
372659
226221
149301
728775
105304
14478
445648
944403
328901
426234
352816
241771
698375
542818
311076
376465
89681
47227
851786
487762
200086
597577
145435
133755
198637
527385
943038
156772
332602
483238
79717
137195
893492
229482
690860
762467
985174
30931
190149
541543
256792
136279
632295
497622
685414
19870
815240
631274
890660
955932
42783
979458
802682
579108
289384
696515
210663
81187
886225
738291
226041
303655
595284
399234
126749
744051
986024
547109
181954
704808
154750
749291
676713
21808
940221
287705
812160
695993
848850
246021
452436
428169
464634
206853
831625
483507
518838
13557
412870
740481
279980
630005
788356
679466
654840
383275
91075
433118
379588
666929
320008
298235
252186
246607
845753
288140
952672
93555
826519
688221
15917
694241
642399
811534
747411
968443
739070
790766
374027
895674
233832
701363
793145
817451
896502
852402
827659
199379
881913
293387
332459
323595
658092
296540
248931
843491
226578
942584
642539
840920
619260
724574
532703
955376
497273
591699
732119
644407
178065
516114
91885
385087
485931
46386
873570
860907
51519
653358
483536
249648
635123
561768
281259
947572
385677
62779
327615
580423
134151
968829
926046
406894
861226
912987
829960
725936
805115
285262
952699
460384
818801
308342
555157
100786
181614
394705
133925
192619
107999
761688
53598
246388
668842
873909
20813
755938
565790
681787
114751
751120
647948
328440
412478
129155
248044
30338
29631
806878
763321
600566
508473
114935
752478
893018
331702
325944
706874
503527
85227
523881
981565
460121
226006
374410
641633
440636
569082
75554
57264
197562
615693
614006
903750
611037
231076
698987
389415
870701
920135
89091
209366
512236
121509
161197
991249
645049
522161
793827
790614
808342
740940
510002
230353
195746
606219
191154
602596
67466
727487
697477
16373
15479
268937
668667
680409
843373
323468
374455
986278
418531
496629
881905
335143
230306
538203
459563
70840
120767
907588
345031
40998
121955
989165
753812
772925
640178
522896
348743
991142
418577
787091
357939
47212
687905
295333
636325
658294
943668
791310
560424
510528
325550
19298
896550
406597
52250
841686
407394
449357
561582
309826
496853
96211
516589
803034
852419
868342
187955
328917
541780
506576
236644
906317
367673
526390
300014
756531
89602
534130
187819
771458
17461
68754
547116
725057
368166
854028
246949
459310
881126
564079
246288
301930
742216
836579
600545
851140
25915
942864
232817
858522
22057
922490
720013
867457
484651
221690
725459
602023
845257
615233
576237
975308
102367
226374
613496
739971
553796
313858
890950
126739
316822
304575
485362
808606
312572
852621
178543
729112
34712
739736
707383
341544
478374
15500
682723
595230
351310
279385
535259
135496
525340
142950
655288
966757
659721
955278
936860
572681
385135
721987
580089
342515
666696
600905
334204
87654
827461
453674
258556
302806
113557
29098
997695
738271
472079
636773
152233
89893
968164
920165
23593
153607
151392
59516
113881
34675
995500
129861
971826
20836
23981
476886
877599
201796
787216
949193
812217
60058
706003
100074
590563
842872
259678
802764
932346
259912
868647
548438
786933
283161
461527
411331
105438
345705
592141
860369
102779
752647
381125
851211
787227
143973
381682
109823
638884
458751
420803
8163
270238
813510
965530
309937
64651
466398
73946
233381
321601
451370
717875
239885
517832
892408
842574
227009
690429
327395
510167
456036
46018
646206
961951
618741
634360
894479
132540
344135
335536
169925
188227
107770
958667
712678
507429
665166
854272
809691
99614
88975
985415
400931
173665
584756
407487
627887
816675
901023
453136
747327
99201
422116
494333
574356
728858
38010
720762
19420
758785
914675
922641
709202
226084
366191
995035
507043
720404
287834
856670
97304
790976
343532
570234
464871
396584
189804
176748
6775
120891
688831
782019
549134
97628
937920
81285
260594
670073
740138
431080
631965
343481
785863
85245
892190
636817
459777
597579
971356
785608
217387
318438
890750
392889
890471
501124
422267
57039
711123
582263
142179
960007
307151
786887
44007
648173
856515
359795
408720
672678
80013
606155
889117
219243
425532
375333
826125
468572
453415
526223
362351
939986
477946
749044
756247
772387
554546
114292
766902
545510
395765
596983
460813
441330
989622
719576
150423
175881
586746
629673
31369
692595
123828
950096
98076
253316
865293
127794
435058
308850
894286
981135
685606
678429
198491
463187
61280
22512
167718
344844
931393
885401
602573
13939
407976
101437
302306
572894
106803
114460
923757
872039
380964
371447
84569
490370
398068
180109
392449
13748
512936
824597
794692
272933
778615
323325
115776
426396
207663
633192
21918
31450
577811
626336
724528
518360
516458
708061
564234
5130
75145
14029
488065
590077
366086
444163
767968
80165
111017
38260
43760
148961
785660
166773
947071
558461
125136
67852
722804
164610
661659
518301
427259
884953
671379
786236
825606
988148
283489
166702
261353
762798
69257
155279
920309
233185
782665
434814
332042
679902
88299
760958
11721
640759
398803
5376
688126
564359
158074
491578
858192
938169
657665
514585
707180
54119
878663
875311
707239
144350
976874
712294
774557
957445
520897
605618
42047
442231
854834
280146
296624
567969
915466
399228
84258
394059
149422
456360
619903
974813
145717
811244
177741
724068
903
934482
451392
762979
442379
683035
217697
599163
978060
212398
634434
154501
99529
234943
972692
364358
454683
832355
6996
361994
945564
379079
116685
567719
534074
980581
613223
669429
30060
437263
569775
207745
168358
646813
35927
199886
751150
909761
399297
539066
270863
84968
733418
917649
947200
710812
146666
398129
489215
598994
934597
529158
894114
842971
938952
479614
950512
684733
99425
846667
809260
536745
764781
640065
389278
308893
464562
35436
551282
842312
815711
945784
847026
746204
184701
862546
621863
843875
574342
376798
209777
276851
586432
492662
82768
955064
441492
565845
963374
785701
520906
474936
306342
760029
816734
589253
538219
325880
738776
664879
643697
31080
384534
485668
915369
232674
721607
293342
379664
989205
69049
345503
880843
348549
46613
268419
95887
549264
283703
16249
878502
931937
378286
914436
359297
602342
726228
858098
943284
788663
265545
421304
142086
446562
640870
314259
295385
80595
614308
205530
236071
744190
546042
912161
145680
448416
589793
13218
778698
525905
778628
708404
280726
252501
265497
55647
802099
778338
658113
423902
492154
103209
743890
79951
704966
42338
411016
242218
991295
51061
951487
458251
355228
846359
348460
150741
420254
811791
430539
637510
962620
849423
551199
541809
831322
883995
285191
829614
123236
505929
528438
513565
798413
40919
928669
342793
854398
292281
998850
332431
465228
851187
206947
459628
453898
268891
583953
191134
366871
23133
967607
22825
962622
78749
458462
148009
490268
960428
334170
875273
549323
387065
788009
24102
249535
163932
978692
424858
773685
329035
209592
115409
340411
752840
815734
118438
528968
563065
740902
580052
483641
104378
304864
174919
343654
743906
416485
430266
536670
925384
836946
539152
72054
11445
519190
253205
718735
581731
56158
343944
573619
95855
676415
966806
88700
923046
615902
80503
497715
21798
19003
971230
785211
151562
414108
749502
205492
807533
845468
92416
777412
868969
143932
326257
553955
434946
342709
174157
486974
875067
23771
940810
4931
272426
21338
473452
390983
549344
83107
921250
654923
52243
973549
576895
851480
2392
741492
81378
703127
735876
309174
669149
520970
288361
367408
378775
68003
943039
28419
136224
842504
271493
781302
998258
787241
300673
667466
254096
618586
645769
415470
855287
399299
137711
682878
252899
179404
786149
139681
864499
29748
238130
983332
653200
633530
338085
156634
106123
90345
209836
229029
710985
617790
154698
453567
959730
988557
267326
268705
345653
916449
853103
714083
436302
5107
566177
273674
99565
387794
651927
961829
77117
451997
102124
13818
860314
405366
315626
425484
37203
876877
244233
240199
718032
936317
521197
92754
907070
131060
250151
50554
653161
262204
173655
925991
498742
185614
690171
244163
21309
96737
504970
42099
161638
706945
675412
789746
626900
667205
687234
340872
41366
690892
685204
303988
590200
57913
479538
412573
76657
490747
560825
132030
199043
880094
351323
253529
892639
70700
541967
152195
556315
513727
657
687088
237093
523981
293840
76113
520982
629730
769283
695386
480006
888383
82471
615457
62241
182289
610352
913525
99751
339511
889942
368529
422200
348914
281114
393761
361642
755474
149415
536944
627948
304391
108216
301182
39476
42841
646226
816369
522066
745617
672868
894218
271942
359544
707916
470533
865962
303503
140471
954850
403998
157686
659927
823689
579318
430312
40932
172120
820676
342341
787096
246392
770218
796994
158293
979428
756811
789257
960398
642281
3090
43890
596996
853915
249369
617495
121063
34758
875574
28280
875918
614191
172674
508563
976945
356699
459508
107046
470372
288853
572669
559818
889028
875735
786206
727084
600754
80849
261028
592776
796554
216069
254478
591430
971438
85366
350611
906570
377886
774155
669288
886723
366891
226491
570181
762912
134000
674916
929291
110010
572190
368427
416061
427505
962783
539768
410307
980000
588451
83439
94107
724376
25559
792867
102360
116034
782729
651741
860677
367297
84674
811742
627033
496576
108946
941442
181710
465513
257631
438375
488790
116887
628388
791240
89455
795819
345981
414055
11596
790133
225112
253421
968745
537998
898679
583644
868637
276705
382733
246968
431813
85629
809760
490822
840563
582058
981280
393449
459731
585163
501795
744076
315350
774111
242436
213214
586140
238049
205418
157107
973934
748022
712200
967516
612791
695872
317663
691346
727826
679604
453796
51801
572347
193307
63161
348072
228148
229213
152664
448094
413832
843171
156423
770445
831561
775367
107038
888804
603728
321798
102222
617482
921548
36707
290155
158493
987881
197467
25929
392364
537556
144592
794677
272316
204507
163764
207545
247233
377837
974172
101847
615907
445031
910625
140645
768105
6202
433267
204534
89628
241401
59034
224237
145893
954624
180786
975725
739714
647536
861953
402456
380373
283685
777225
159530
543148
801221
175379
588342
847015
648929
702132
127784
931397
600380
857475
260932
174314
191602
481241
548882
273543
930626
283666
484881
283660
109492
830609
857729
46435
263416
8924
673171
345982
69878
330229
253982
183266
891900
696441
643172
338009
883523
575158
476024
832760
739524
809039
645514
699820
684226
364720
965868
246451
61465
128930
57381
355884
817673
904963
146151
558602
277440
426355
422889
373494
808653
940601
325074
49758
578197
98910
230019
731529
373545
58126
212887
538441
418474
615252
522461
691009
301792
154819
598809
901941
913833
933221
947679
332640
352327
24038
131946
537314
824703
273139
819202
138558
454191
478328
789853
322122
341047
681764
164188
225638
643301
641642
277318
629508
766154
760851
791135
164754
223138
856566
474904
280973
210338
914422
681955
849752
170655
845895
563909
39769
641665
535402
825904
254275
177482
228412
236303
576763
897135
84794
992505
769042
600968
500918
582549
962405
916817
218488
673908
233219
169597
262701
205918
409829
882111
60912
446641
87994
226037
863605
323013
698449
773571
660037
995801
459865
590481
131080
501034
147009
167179
235568
724566
651917
915669
602014
865936
359
741624
449602
659411
836650
143082
509340
209674
118849
333537
712627
969074
131272
531809
973384
811696
973308
837746
334057
162294
950842
490952
539443
475249
910509
962161
610515
920080
62866
704455
723806
967550
250429
93787
586840
311104
441042
974221
969054
336886
302259
980817
764900
158352
454614
586649
104798
176157
891848
202054
265533
523497
852629
943158
658777
994073
99375
93335
440858
812725
333640
224860
691900
497636
53922
18780
362615
712088
835536
181255
20992
515661
682440
559715
824192
291878
509268
3939
637755
523651
299361
600901
889279
326568
190133
350398
130936
228768
255502
99472
879013
832289
157542
963528
56339
381598
845684
497423
226186
999644
309584
559165
453498
654263
554054
480936
531329
998248
180004
378226
578263
936672
804566
251125
614399
433633
290152
136499
286113
372860
464589
783018
2877
567478
162666
587
814657
719228
980612
487743
666188
664872
557958
396315
435566
221994
605941
680046
682328
941363
578863
425391
529494
362039
55728
611994
794348
247992
966115
559500
295333
556307
90884
532076
918545
508384
510979
260236
156634
300129
403930
765186
613883
19483
623702
236635
928371
731828
582480
238760
493317
273562
192909
545687
971630
558686
729891
378316
994888
949385
269985
99531
173764
769155
459192
904707
424063
482650
751334
238222
913856
133281
607577
664992
599642
921020
217037
769415
598314
473959
493939
912678
810712
753030
216474
62349
960586
257884
249704
867919
5709
734224
273827
322228
807428
700124
518866
518445
415915
567489
475661
709518
860567
16782
986872
522568
397165
437141
365413
408554
80865
684944
74989
67458
439095
588855
98650
55150
266135
705439
248066
335742
549274
941051
519328
489235
50901
229787
211106
681089
693985
457490
435833
28011
648556
664484
438545
347982
972366
211246
420709
153666
625106
658193
306774
343448
181530
754163
354856
283271
402764
759631
164386
262301
990131
622113
199521
550971
406323
692678
361630
684275
458556
831127
835960
257658
384133
699253
995018
784268
87977
724447
354075
239240
908246
27165
404821
458034
567703
379837
477610
872654
536940
326741
116091
747230
834150
906856
440460
642508
569828
193004
735592
818682
689882
383717
625591
723271
735311
796432
876300
988420
83254
455100
230713
111534
201229
303473
760750
349059
149010
104723
695887
257969
164570
55402
29938
870000
119885
259877
731590
166526
614635
703277
383519
675481
914507
634366
985231
952690
243329
759455
418693
788070
163097
382440
23188
753944
623287
235196
591194
59696
910311
338709
595145
958922
182473
241989
387897
955357
808671
185589
160784
99140
477911
597659
848172
727368
288786
717985
124081
4417
507345
903222
495636
900049
337007
550297
778933
197877
598666
190004
983935
304200
15606
457160
426326
532399
975573
781989
907682
240314
335149
239311
2632
748514
879294
566026
946495
517752
91274
807348
949458
556592
723804
911665
299644
684005
670535
567436
51241
248305
920111
939277
701402
598988
304803
234296
975780
816008
739279
955056
348914
591176
401503
857387
526739
275392
657950
972276
143192
47161
333132
6217
921243
735087
192345
320406
145747
739034
404757
830458
129012
652735
791937
211917
658823
259699
837977
113488
524364
698224
375470
999242
633023
116672
354322
951064
835481
147281
554882
237558
234980
185818
582861
42787
822813
953571
62095
338746
88192
921342
962012
972765
319762
551469
717981
970361
666402
491771
744375
93112
541487
469281
288557
650998
957984
999029
856332
992658
361062
882924
803896
752854
522420
228053
971904
989032
477350
966488
859046
829197
629769
722753
970174
472783
702175
941926
463466
353454
418592
384450
991234
597980
671208
410500
487259
752794
541924
812427
848538
105445
444392
56932
989449
970119
511752
821153
827244
408113
958
205628
473813
961606
53900
455981
919234
280345
943553
53762
464869
895146
503992
85064
888659
579408
465302
495192
942089
542784
388195
273675
534022
367165
728059
347430
85536
993821
554189
561104
210234
924157
27626
536797
608756
357087
64392
687656
340971
220587
261008
193059
739334
570597
990777
215432
250888
29130
933095
190368
230593
862584
478126
346434
22094
360162
537015
826696
819671
498876
912587
342971
539261
983838
169337
953529
4106
845632
553998
720808
216063
231807
988597
290615
917852
717126
232444
214562
962971
808328
346649
211517
814243
552208
727298
964319
502600
835231
902975
214098
900763
375188
474948
266839
565878
924757
239625
389227
106193
352827
729292
503808
597480
888626
211768
564526
181170
545620
861072
537719
873415
509772
69952
597100
590653
943242
728997
559599
900220
406944
585987
861114
712353
970822
506303
89390
313020
456780
580903
505719
757428
182721
217371
745723
615470
151794
500433
209737
345245
40385
486854
499110
736430
705171
842427
467724
393962
144329
690491
474481
599568
995968
544497
244008
336907
615514
709215
367815
326540
409429
96251
981993
587954
538221
73925
142130
452322
541745
219172
302096
743170
773439
476300
251225
125092
701703
478994
253063
335301
653524
797675
738503
407816
135931
933494
932366
142718
529615
753725
651638
24993
613773
868928
357605
157909
242178
686854
898194
868101
816114
200335
249196
627139
366922
951744
304330
239368
461653
203077
568311
55456
737306
582452
73158
60854
847691
636006
148482
495007
855123
662019
604670
899297
215179
708556
821971
794617
334965
899456
675335
664254
729172
913163
951236
897323
651547
82450
512007
213707
45429
924353
628238
328476
328228
811879
303988
800276
196833
901380
585570
210562
469654
196361
753581
766605
979390
511140
494982
804760
143565
686209
660663
243310
397441
957741
570201
276836
467705
350835
143567
229705
353819
770358
7234
976540
823675
64901
417331
284717
672860
79837
382845
911257
513791
410408
368188
91108
999053
826384
746444
817684
275569
195171
982614
748838
994241
527075
674596
363156
899685
235073
292138
203454
81044
885959
470354
281674
380283
766197
910877
450317
370702
839739
396313
736137
908593
754883
294511
930629
927565
30726
628832
422543
506947
602905
617345
89657
681069
233876
870916
438824
152169
741515
807075
105141
300259
923919
771919
180019
611363
392537
311579
918140
52863
576972
431958
536707
366503
569286
587278
55133
781398
502388
948122
823830
596806
983206
18142
450658
81601
327459
60641
815167
141753
362582
469535
732372
596980
255134
554918
650909
224917
65739
298296
733610
946629
836212
205373
833010
331690
659298
275009
531150
904947
971006
464227
114648
62744
950806
514223
826406
132328
864848
66953
117720
868734
84838
462117
229789
536559
407198
544778
460059
43442
248648
465883
823521
261638
142614
233743
375082
22433
576407
99423
512597
483681
207653
653252
398431
682449
191789
812578
594994
63830
352125
542251
575444
146479
928910
229245
774833
173105
383175
457798
895721
330361
718884
560347
939981
713614
633371
42142
648635
413086
926151
148328
768936
220034
17776
641828
936408
161918
111985
530122
439222
92509
190137
364147
830743
161137
891979
294416
487974
336066
134626
928979
452250
615150
112192
817495
804229
249062
813723
766805
772256
14194
472509
369821
29174
657894
499623
465104
930214
775844
581526
732719
243274
816435
209377
698132
422344
169946
910902
442807
957387
715883
59192
603528
194483
497953
540016
112744
398492
337299
371610
196421
688372
265636
379808
93865
782688
424034
401633
20228
269104
618411
976317
577929
997450
221184
944418
79718
708014
923212
776592
302809
934140
135663
224311
557478
569485
13154
206774
33596
294656
912660
799513
782295
791305
351869
812091
262837
428310
657189
977492
63398
488481
564786
227324
484306
84246
412459
667245
325168
539812
370274
262462
76102
727013
238531
388151
258889
797002
781843
981383
213997
117919
720221
827008
645626
374475
479593
686188
487507
75962
546081
493591
982041
577614
210962
981871
918927
726778
468547
102095
128977
832209
615898
420087
229290
906984
711145
602695
170496
533285
15025
378942
222076
47002
390614
758485
824676
357742
69298
153130
294310
899625
522159
184040
548603
944596
556630
38156
628669
154623
573990
870395
67736
145031
454916
360280
560321
335722
294242
150651
104109
199495
258625
709019
323442
455100
6933
614079
780406
974994
594168
211928
679001
650455
212688
314867
991243
113073
190353
841872
108299
283575
234925
277874
822534
543629
76092
779261
824627
638393
485939
802442
161745
861747
503277
412977
146444
892660
916128
993823
630642
366773
494138
730487
362426
23234
323029
149925
182714
548543
218880
334499
260690
633066
596128
54174
251499
143657
782562
421741
635322
512574
531032
843787
340085
479217
258918
633522
940709
472814
295247
654455
259895
532439
813351
472114
103006
768169
911258
333451
316842
631431
216220
241300
592407
425552
691058
156936
547814
20762
357641
337624
707642
500876
585754
669001
93103
573051
152003
112585
284680
610643
460198
230217
736234
133855
504107
601625
264075
705110
653336
865642
148337
143979
416217
471979
285352
70450
202939
111373
63173
997543
753227
897137
730587
459755
402476
241127
724496
749928
756973
612312
339490
362588
393693
804845
731296
467726
877620
173683
818672
667496
971673
376476
152773
766645
656538
639727
753816
513124
944510
139707
66968
513089
157527
703956
314590
57913
943917
233362
320232
595238
829745
103180
871675
464144
427420
830550
618686
123600
649842
311431
612184
226366
846290
826657
392304
327157
75733
981395
500336
425446
411434
162345
901299
871266
941864
981309
627985
366463
863218
544818
213747
165529
203719
135820
507654
545971
272633
305460
461144
769893
809352
740440
423194
620558
263948
857307
61254
507729
526822
126684
214608
456616
698284
932543
890284
299223
647926
476323
995565
103226
951707
644818
997871
829274
205019
831292
874994
728450
227032
588507
821921
902709
921783
747017
952920
178928
127480
638480
553546
171833
450279
627219
285734
620577
310183
969963
950775
902937
844835
490098
19488
258139
537117
698316
878851
389069
7901
868446
695120
94725
78153
516291
129087
970106
900052
234693
876919
673299
539548
444252
936558
673416
548263
943177
324566
624729
412558
500486
287351
9522
788172
601544
339616
272096
584382
705336
630596
577554
646304
96428
698146
272850
258827
851207
247830
819776
509916
253986
707153
491905
633876
500021
321492
352226
296657
674433
247796
231723
515647
321786
700299
392347
42350
68434
730203
277535
80967
611813
693878
624807
305711
412352
540285
927792
566382
982075
983943
379499
170151
54157
101960
112430
490199
72592
548306
653179
93300
484123
14398
630401
169806
916806
336882
878064
674998
418403
878282
445912
959034
316146
754949
206275
919896
162455
760215
623655
238944
897443
592423
884324
271811
142963
731459
36820
240457
786001
427095
685992
266204
15797
681237
875065
864075
723353
11198
747477
523726
280086
241917
83297
138651
517290
816682
898501
267144
83537
386184
753437
468336
503876
462308
313221
489517
212755
734842
923144
193645
492139
706485
646255
150815
700617
263705
22577
409563
503136
371176
772081
396464
374662
803390
319264
172261
65895
498755
980080
902506
24632
774820
757124
978883
919948
967009
860454
670685
994430
770108
956623
33645
917054
681484
660440
403789
478710
910479
49701
697205
836464
477225
669147
245406
259690
870120
127706
764091
616944
531983
223961
610848
887844
993987
915374
60748
463864
107855
686706
641991
185954
202851
497227
81069
669194
97791
4194
805866
48989
114435
372748
660585
72027
194087
975212
770219
263908
560654
242055
341564
535537
420717
735010
293569
343486
610640
309680
757626
412778
831940
708665
650235
546310
991972
312622
256026
800877
187746
189160
400811
643830
491712
359457
639107
82995
430469
960277
851622
214485
797991
894319
627176
751246
776287
656320
216061
123732
634313
99510
48956
702216
879471
299804
248459
775982
962517
870187
903755
35365
123784
998138
129682
650739
929979
129790
267562
948732
341531
11588
782825
26738
297241
92364
206809
21455
345129
447105
662698
734927
201945
203199
440955
540824
906219
141551
462287
189713
554422
400346
196729
468168
982869
559563
836394
423724
887744
103740
48452
873250
4868
768092
217922
347907
242995
806657
876304
818250
433759
149332
414713
509843
963658
63531
165163
455782
6532
367534
613283
277790
948162
145063
852797
341250
122747
234716
136230
437762
190304
58465
713070
659119
427322
554065
76008
600394
854373
399205
778313
69010
228243
162446
105285
306842
163591
296552
80447
92056
188697
274178
583395
969959
822141
725616
49123
215372
675613
602902
404736
387326
668426
371773
256303
31196
157831
30575
740361
837984
308168
863609
927507
729974
409935
291124
280722
403581
248102
530292
264950
842776
41946
376172
956877
114166
7126
775558
490168
446525
561475
836943
690367
598976
966761
352458
827525
486038
399634
656927
166916
314727
989330
337376
440747
20324
658149
587022
402470
766747
1459
174456
89522
344396
623246
570458
461029
996393
751592
670749
338758
477851
245385
262980
729950
797740
759478
706540
960460
669161
712824
893981
446286
891132
167705
323282
785551
249706
672279
514475
752934
675767
952555
211732
786616
151444
807784
602273
284347
275851
683366
676418
129019
831561
670450
94663
326189
915835
560650
268000
646698
657365
670565
302358
336772
994889
570468
635342
182333
439533
164391
605399
596955
29530
417001
462957
696545
968015
890434
874212
562386
894976
401407
510170
359232
44545
611047
810361
158303
145417
811090
996784
214106
511419
968585
871969
365020
385705
429584
109839
115345
20840
805469
925230
533552
214361
229454
970860
970232
41475
108289
61506
772093
719036
258064
840928
129667
699751
573945
385973
425441
746428
360767
682166
961652
369969
149027
944318
525920
384423
534464
744905
475115
331680
605226
403498
934508
732165
603743
511963
326075
906742
984454
738615
909237
879858
638737
880
534956
234171
259509
786908
890347
383809
839705
298580
159879
29941
437771
805574
456058
778763
562453
718087
319058
768758
307632
562246
858655
774767
961230
386163
506155
614748
344100
838741
864572
733508
774220
319356
59435
678168
333945
559463
328433
231027
74556
91315
640513
75181
401430
412824
449083
1637
37663
416294
578861
971800
371697
117761
825497
666254
748893
278036
620168
330805
373671
79614
640903
480730
651430
758263
971187
268504
166688
926467
801285
377787
217200
420378
518998
227611
475122
540242
316720
169205
253284
896930
405712
538945
324784
524095
84336
618576
963843
936439
202665
148229
872920
47256
877974
33977
745642
82693
719800
159716
68168
121103
197089
343440
353869
44843
561299
454155
618022
58096
143206
522874
148408
137580
138193
934671
324360
801581
686156
774628
21814
607891
11568
509635
42623
908195
799142
71211
152198
39720
435785
845896
197916
214336
761984
33974
591908
280503
742529
901842
192504
61459
536829
931077
257327
526585
237190
962780
685227
127643
399376
749285
152238
49976
182426
920358
936818
273114
858311
478465
355253
564119
396762
763609
560983
297666
699770
858698
412546
294773
315137
816746
298213
771307
302413
834186
916935
653580
980443
542691
989259
340070
433360
436027
956876
963231
931453
573056
491807
30318
155857
63236
343907
97130
503970
915981
960330
695512
947985
55891
268376
115114
232559
998500
83227
427803
650650
199566
195980
506587
675402
639586
70452
409577
149854
140065
209710
773223
451689
174927
783426
123655
228836
342615
833882
237027
229742
41763
168718
958652
811231
169126
515015
520915
962127
402313
706063
535694
97390
141183
858818
134506
724541
631833
40404
350525
223237
659743
388861
183801
795755
243334
155378
362482
5375
790161
79529
652844
943116
428904
361755
321068
314069
249382
933307
276452
342029
580781
921303
46893
469562
78423
572181
106380
291825
66262
156000
860790
250949
253564
992323
40582
608713
366551
113265
365152
684748
237739
332636
129265
587467
56158
591001
418473
865368
947388
250610
77617
787584
88045
564158
350437
958087
328452
832646
551050
847644
215492
519496
294411
841587
664209
84791
801552
242170
945117
192852
831989
77721
223215
677019
693457
243516
712694
855747
695683
19575
921932
270933
754649
430794
825363
369876
275030
18994
442687
128165
51471
386443
318763
74266
75091
305918
475554
290919
450535
291657
749790
768608
662643
558001
60661
807339
879914
683315
315098
86797
415103
851242
858961
122461
129124
199505
539479
300421
167462
42943
954719
677957
85246
186605
560061
159296
228916
402081
706571
163317
821818
785955
79160
941913
205476
808185
163760
186543
301156
160550
400483
588188
984554
406380
34040
580113
946853
86107
763695
135
826861
468607
960828
979951
159445
254163
841335
697425
520893
695904
70094
679487
468467
536500
731770
679897
329875
806705
110078
503914
934471
287073
695266
492733
532900
215974
688794
467507
792045
285725
61761
902257
839463
223943
689785
753867
944143
425059
669738
254794
417862
435317
362885
747345
917775
619535
437575
729830
517535
513721
234700
644708
220696
637351
494877
921730
40897
449346
878450
367782
879261
735510
930454
822182
622650
260859
48333
853426
368627
8051
775655
939899
477881
909669
15208
38331
576194
854819
878024
700291
689292
880466
6834
753998
566948
635927
922323
839214
153226
57302
636512
997329
951043
574304
333738
126517
860614
647912
498438
60825
764773
238945
254267
169352
251544
138677
582169
337855
227510
102350
230305
509633
293222
914639
185156
366285
472587
12355
598820
166766
213528
889018
86119
881865
296215
540064
44488
190113
799518
477326
761889
847537
476624
494237
965604
241827
522394
719782
448544
780007
204324
597767
554946
742783
97160
822266
883332
23906
540033
411324
177238
216437
827065
328233
246839
702395
920577
655551
230086
957206
400385
356928
925226
360050
885125
366218
54684
902384
926170
577898
355010
824191
805267
221076
645071
431916
85799
917368
122269
351229
762542
880458
525086
719893
855914
122972
375024
985940
894585
831105
402526
785644
902610
215102
17013
487670
823598
289882
181232
235227
721480
53397
229949
819724
654134
136121
892986
178395
837405
585688
330599
621403
114874
373122
621629
361775
331847
945115
448032
333499
403435
890205
663612
548793
693348
146374
552082
259195
918220
60686
229829
313361
681421
368370
89832
229220
27504
973433
337697
456832
203155
462762
352982
180681
61907
258122
520043
482701
255289
801280
88907
46096
720880
635724
939739
13450
714584
362301
589670
672474
59154
494486
318691
776750
543318
752598
124583
351419
793104
598710
550503
579065
109170
339099
425568
317241
743414
166700
610341
540362
961839
554785
242783
857954
197592
215704
938643
89099
559788
22281
898997
896826
952400
183944
208766
86155
926214
875369
622368
69251
607356
783091
790877
707538
717183
414414
976247
872693
134072
134283
538575
561593
787461
777809
498549
705928
675626
134545
436859
996028
281622
28386
151505
488922
243294
537469
104043
279551
758647
988761
474045
340616
121018
227661
650155
77108
506318
437316
909948
906556
215778
932924
494749
49984
272349
666721
62665
39968
912915
933318
944483
592570
215805
19016
322611
680616
378637
401111
748850
107010
566600
400481
306277
983874
396719
80732
263335
530811
631858
460008
581919
292202
207685
126714
234557
631600
518573
376741
774890
131041
82757
69372
789008
474539
971903
548278
536762
8236
711018
22746
542975
860202
662722
526814
682888
629659
279688
783778
227090
395470
758359
89425
99606
482492
179595
885235
896450
357653
479451
421885
574798
553748
654302
558796
993014
998227
535326
364556
423698
484442
287972
634408
377918
595517
763510
401903
320487
626279
678262
2392
74899
196653
466521
853770
14781
88916
734793
700218
679056
983413
147161
843289
352963
986739
834653
218219
601210
293721
976519
382447
895691
108274
996064
759556
635935
776263
334917
810290
922963
213927
313308
897300
385455
106683
391111
469301
388575
385720
729891
628025
10323
386312
152443
495561
66108
281050
746193
585167
864678
190651
206016
62415
889126
804499
241103
910339
819483
956408
592290
92602
368196
105549
593909
480987
509959
319287
476635
50190
410282
298080
860576
263038
44669
137259
234027
724072
609727
663697
384618
715546
160581
846147
358143
115439
712680
94340
603419
850714
322897
231146
208326
826829
740916
21656
630372
26267
83140
290252
256979
761166
895267
755579
202044
738529
637848
104502
716501
899052
498133
442034
794339
964922
830465
131637
536463
165684
139719
957058
60489
866703
456035
180060
252607
425531
349851
792886
377503
862142
83691
756504
185129
734691
60017
326017
45044
686190
421666
672637
669251
538803
911668
62988
890874
202219
499631
776478
602978
84741
317336
713876
286117
54558
68280
650658
310723
995254
639320
817161
875871
700911
158471
207728
709089
756732
285497
963150
107518
668173
557786
257946
88625
47699
899371
968427
361409
642183
454035
972630
93730
67568
999136
428353
506401
495183
609606
228185
796386
39749
591636
297868
353654
469319
671627
886127
274609
978157
419823
708770
879889
621419
645436
789262
416479
953103
466167
719370
99079
565437
967309
329867
789300
703200
299892
782195
104799
486256
564659
612473
110457
656446
982948
589591
976159
324099
77900
925721
124585
940528
303565
356121
561879
123167
738501
585691
774983
792320
335986
987987
412321
206002
636140
523288
132766
850538
197428
73564
266879
995248
493202
46013
386932
468732
961662
58084
906100
211192
546276
569445
192206
614178
586705
343936
874882
152855
284479
10792
312613
644218
100590
677470
210282
903392
820199
539114
205967
991824
731776
88812
92216
68652
394995
320904
812286
477481
628320
283545
308309
725313
845556
323636
908349
241645
628185
214330
706081
593596
165061
218429
69802
34454
290479
714696
196211
459283
767864
515799
942731
329390
146670
856358
844154
744405
607095
966171
509023
804171
28269
281363
159222
457285
300215
439171
90100
114195
780212
797843
372710
223058
930473
205269
455367
459832
545652
600446
929436
158564
314701
740683
550061
376224
672436
952024
415961
814826
635329
875833
962614
704927
974223
53717
455124
526855
661296
990423
901120
308386
837987
550317
277858
51280
661132
296152
566827
913809
347011
304542
248449
251497
263361
679304
868850
509225
257409
113637
739386
59271
696524
708470
525717
140775
150212
876278
561400
86417
18062
537297
74449
162099
546742
841706
259272
269851
832449
173984
455143
925479
870936
645619
57217
509891
346425
533315
914686
88528
564362
301417
915105
380473
321845
830325
721894
833820
842448
467480
562155
853933
477055
197597
996915
274707
982507
16523
935101
252291
373678
283169
840761
128359
628993
958925
499240
440303
254224
452405
719679
51484
392200
735230
153224
218415
82884
756073
942348
571696
652272
129438
73835
248733
588922
98477
371793
725019
936752
172513
621631
89046
152210
115852
706274
37727
29233
42064
318824
902115
162114
512136
226206
700871
492900
937461
463732
901336
6565
241196
261015
453262
444774
926473
243185
304531
192697
954661
626552
444460
896749
727545
997670
238585
215739
172168
467158
77348
870758
906406
381944
553565
19877
59364
105156
477044
687177
415874
949118
625369
805510
55682
774451
478420
474950
557693
417136
329441
906880
701963
121633
305780
502472
793548
873839
245692
500950
702742
106678
536875
966723
244778
314657
714971
222748
509308
897865
686978
149091
680767
991048
240646
377071
413225
25194
827262
190002
976073
708609
158045
34939
484773
662167
24381
299208
411247
671465
366476
409116
111167
679673
699179
669472
408804
437992
384536
45584
364800
133565
438941
540610
795406
909644
792107
272354
460602
806874
243223
138403
278780
808173
956433
850741
88588
167557
791293
720874
908282
609691
927476
906713
650459
201171
539256
136785
363423
487123
730522
840613
542012
5548
887491
827486
412200
542874
455013
314909
527426
857792
188181
747494
352443
820952
920136
773342
643945
179883
170592
340466
176569
619401
491435
73705
271265
113138
332066
768169
736708
727458
213035
639290
779571
611240
998222
231964
409157
626382
840217
192966
893820
832773
254700
345817
931158
244486
916938
563846
879804
124320
274374
16844
352069
447668
652875
77107
104653
627437
219534
58131
280416
771053
118264
659321
238857
527249
992847
847959
825796
233722
628497
218564
658762
691823
817423
151489
722351
784623
580603
763494
669908
922891
599483
901908
657691
905800
624382
515227
205593
538181
171648
997677
754905
690990
867047
516271
285388
143246
791549
251284
718289
8559
353557
882824
431432
960973
720219
974524
762858
437554
660870
542274
137992
795639
667176
881728
671083
194827
926867
740416
506353
139600
956287
388531
687446
527001
539697
128285
998999
238155
839549
984090
158006
730320
872394
264466
725518
77562
960818
74924
811405
469487
258373
98974
829414
63791
638183
267363
428542
335729
942567
72940
322338
194243
472773
492058
606527
973655
24372
99270
582051
110741
479376
169890
290389
212266
324580
9967
565208
95057
415074
721618
498370
82798
565119
685562
4890
856724
940299
415633
881191
251002
571066
369664
277014
147614
269110
992834
953881
327629
410727
320760
923728
290930
761835
386033
212767
577203
276677
970768
80027
769387
998072
766200
442252
762614
894533
271981
282724
489629
929899
142115
824714
741016
835863
444479
850427
720504
651969
534381
670042
771244
235746
706881
16316
326946
583886
28709
504517
691701
858658
553494
103774
870923
968907
938860
628763
74666
826837
473490
962018
115660
998010
945874
429841
177442
730696
836191
746403
15143
14839
361153
127704
387025
23571
732248
156479
130292
608088
462442
371778
314947
808151
688101
950772
984505
185217
40075
821463
846907
229735
437457
687437
791890
594048
359851
66215
532000
503517
121636
749450
934545
526135
695808
553907
394588
870957
87642
58478
144438
985518
137206
104403
83695
763503
877491
355291
866215
804702
304830
138213
414059
133898
924592
385892
53613
212296
936727
928930
444665
964267
195318
682867
757711
740465
554233
335242
564782
898701
868481
187165
235762
200964
114036
69207
828445
298059
95536
497346
368246
865586
752286
674623
658553
415877
933798
311642
331388
694122
137059
664418
612603
16983
883509
918076
963816
985449
286557
675887
165947
894744
595588
122869
353957
838846
392
212791
879184
781827
323814
626160
957239
740474
453138
72553
862955
124913
980814
258537
597269
809838
401137
994852
49938
95142
440166
166869
603442
571846
920009
860628
650463
700550
236347
222490
925487
813062
233831
965437
206098
981265
686651
26718
616136
310752
533316
151268
765041
884640
23717
608155
55871
587441
900930
559647
972227
940851
613961
328645
88311
490873
682379
708152
220921
299953
572607
441972
58638
47324
240416
725654
556485
17991
747363
227636
38308
354704
966339
520861
368786
723291
228978
592105
368426
445787
542233
455901
304424
270259
46020
168042
798718
324763
327713
871353
619269
468734
821881
155129
639146
82480
376854
145371
708043
683870
847530
283064
485148
423560
819602
616380
633294
218899
225108
434735
452795
669181
412726
9084
424012
672281
321892
887725
678655
621807
48537
99221
606187
467675
181325
106105
71222
253177
283471
452263
690202
492416
400615
598041
343089
646276
660962
798515
73035
768925
398333
281295
172585
276775
746491
389612
738081
792202
899347
263121
182794
611420
776164
642667
288574
692187
856461
112861
170108
765971
541322
496862
92452
408854
283600
717567
597345
602185
364838
867532
442428
796556
576772
171527
125628
381171
507092
16476
376930
713318
724250
630782
126980
663693
992521
882781
111051
960509
156837
283182
693822
130339
298300
385217
883115
92653
772982
136856
430055
244430
925496
166262
135205
630035
209100
244356
543960
669708
695096
650389
268738
208446
252311
489236
185164
565868
474735
583451
796851
258532
945210
866997
843857
533168
4856
418329
977105
469004
473034
485488
957076
442334
230089
133278
938758
912207
349490
992054
280279
547124
735650
360785
537794
495412
718580
126449
587014
763483
508881
45775
990770
25114
663538
514043
315433
450462
230849
360318
685039
964979
337790
246275
615336
952075
283512
313689
356048
878862
750864
188582
107719
194450
929495
198420
3326
677184
277748
123190
999326
317186
351028
883831
447415
162015
759215
452328
800967
1662
308450
879004
206108
365547
203430
30158
111743
445782
316424
73534
886335
326525
779150
921701
201508
403240
774448
295624
918239
129841
80255
555473
368524
453021
760130
726285
887619
552468
917232
555201
658984
292155
291727
391799
721130
809372
169175
451966
104407
911969
969420
79710
735097
330565
266790
114821
432698
285027
112788
760815
858245
609960
547891
241234
376290
716369
867312
64436
536950
374809
183260
243003
894583
181098
117753
764160
193533
925249
556119
962129
792575
570299
126160
557555
998963
339912
538688
291266
727743
549783
974556
566330
350238
5409
880007
528341
806682
442083
308681
806015
686781
710587
113500
477152
236998
586419
957425
378712
823020
392732
97446
618227
195189
843186
885757
354694
612920
539356
353950
568355
529985
559914
86479
116263
703854
332030
333177
74180
443655
221057
518643
345244
680847
355427
618604
948754
468379
980745
68753
793070
573159
417444
505781
784217
77910
196729
107948
591868
559831
580857
922899
742343
151770
303160
904639
830797
180749
823399
202366
836614
869720
206172
526653
578418
686463
327844
331827
907906
89967
144202
439429
698881
850338
346770
918221
461890
766964
843820
509238
3944
745084
484960
61788
271368
470366
580335
79571
410765
256744
704332
275422
329309
862819
256613
619168
705889
756269
380524
391681
488287
101798
622695
933674
873262
561427
41631
612418
303004
455947
450955
715514
135965
87428
146766
537345
759813
435641
492354
555793
724683
774418
798083
402941
998754
797181
832558
372401
30802
535912
510193
344087
453062
298607
985174
524323
360365
464035
364060
659530
614821
20266
721806
137577
411098
798296
200419
666266
409944
838712
505257
367491
470849
156672
353381
40018
612275
413233
759987
95240
170243
599087
398396
697642
104093
970181
964451
209816
589093
403899
399706
143669
990520
274223
957144
261979
993565
949844
89614
874699
676896
388939
187898
665431
712386
183447
765379
927078
554952
892271
937956
584487
699428
306415
860780
575701
563522
915795
417283
948911
471078
493507
501416
242151
791404
48586
211597
529416
675097
49171
212493
543841
768253
895537
894434
604585
322521
301356
501867
977865
390499
182752
435321
525789
466524
56020
670641
502287
477568
453442
313382
495914
964287
87994
183562
380092
732466
381954
99905
299102
739108
315677
37292
628250
780667
451424
356443
171180
380700
919214
402618
96184
714366
679413
552901
239700
130157
430014
194244
641309
855864
112691
303645
248142
975851
178387
194473
26964
622329
873603
883167
612528
230848
341405
691375
887032
153211
737830
889155
538140
691043
95102
908488
88755
558854
376902
298838
177784
626643
750938
706407
377391
125130
844624
154165
823208
587504
743068
458374
443398
313998
331589
148600
864325
980595
551963
955357
394321
783445
230290
682892
952176
281557
130050
440864
144391
972419
584120
573679
266766
811714
721237
192434
400627
287503
47348
445885
106679
285793
930075
651242
148686
319491
60708
600364
544600
854778
798409
847167
106
728703
622617
98876
603875
686234
93286
646100
506346
401359
807984
29442
252583
369352
585914
123322
719081
127407
254936
772018
382711
642970
282020
370267
94935
130562
95849
5455
876204
194774
748792
189386
297649
224069
493396
594313
216710
890551
207770
457231
45560
126981
484675
123461
746215
868596
24038
301243
965783
883662
570628
938782
983432
995027
26836
123163
448906
495794
654208
21193
819649
11688
252006
883214
485784
872266
120837
929603
484767
159305
408343
770730
268893
378234
761117
308130
139577
124149
904361
642446
340078
308061
925923
759496
507961
912588
449072
825380
982376
837098
494425
919736
154144
923805
79506
60317
328916
910876
338554
972679
170410
772258
671104
790899
159996
171848
549119
9353
907336
415909
840807
738262
690029
972784
88543
880248
578795
196848
428683
114115
621236
819462
587384
196375
831229
910301
287069
604842
164410
37003
367682
864657
632118
461754
498589
677800
855455
648152
594822
278916
450982
435635
557015
600868
389002
844536
903014
748562
504194
398945
749075
358823
766518
869762
858565
190804
678821
658524
360746
271723
584368
940585
734769
139950
457161
706405
119091
825710
189105
629670
376758
640584
243468
738616
225954
344113
478079
920668
735916
115727
76493
987830
537814
718233
966597
54819
343104
371533
379799
784344
156734
350577
813085
669685
933384
679263
50752
68781
343578
383429
607042
119632
353079
147070
759533
908644
714389
193164
978021
216042
657961
965488
584940
392005
1159
481054
485192
405200
59345
46931
558263
281561
544966
546106
165052
534014
702047
458335
798485
338681
698873
126265
270554
855488
58494
94125
633827
348397
163874
169134
988886
970596
324882
41454
709925
506367
137016
644744
718148
831441
161546
726113
5357
528570
915373
958357
792548
790990
519394
276812
575075
28590
745554
974033
54315
84408
153294
867764
807847
370228
535246
939793
709758
462690
862110
437422
697903
654762
189818
50157
897842
512204
424967
410500
739921
283874
33010
220041
256466
741756
93071
240095
982533
431085
321462
662838
960752
104203
737237
892610
623542
83418
511428
159513
431204
585571
267511
39966
999933
463683
539968
641926
948477
845308
228143
74374
445415
113584
61626
939301
339512
18237
620495
846033
143943
595291
486427
477360
220182
594192
659351
556888
834489
505439
809749
167784
849378
801916
572856
436598
571887
674168
454960
310860
217426
245880
973755
878316
231169
848217
435865
228764
624755
127365
764477
204715
939274
170934
338236
207530
722456
504696
987435
410410
607798
157684
836078
159244
890391
917010
170499
621886
86286
335855
242422
781396
262907
479116
224741
42164
206620
884051
141130
465641
517103
666979
422061
542844
247421
443359
888038
928819
147173
175647
662971
850095
57155
528437
436618
812586
676302
86373
457847
311433
4580
31463
857575
855164
183574
941159
555589
497864
250729
414452
483174
821617
517326
64839
549225
905435
307052
704924
895724
673618
153088
926062
157551
894344
842890
310832
948756
973360
515331
627008
531611
66988
874516
625181
221809
533735
214750
850208
261783
989784
718883
546983
16206
982564
275329
960054
617141
745285
640023
130096
620268
153796
491265
299518
536315
377605
237377
807582
700572
908370
981711
614982
548405
477534
701913
666405
508341
956799
73852
606510
584362
908792
205027
62681
476243
808010
666894
120862
760323
547857
5605
244489
600992
375530
732815
373407
347936
475455
762594
479105
614969
359542
888214
235275
214667
635096
325898
600711
141575
705342
483999
215872
212520
355457
815598
417439
401070
199992
495436
140305
455467
728387
614091
953304
194940
80467
878609
978925
491539
800007
36524
704334
907717
364525
968990
685106
453837
175791
607659
970425
911780
979837
517321
574467
196389
227412
59641
541960
28956
631481
291009
750031
664279
472121
844290
561470
705181
44028
621405
270209
500968
919443
961776
971715
628010
512271
411493
246265
305659
527808
427332
754721
857931
395726
79730
208836
280374
966724
187148
819841
275218
135084
188342
782726
313315
555160
633377
162814
340213
286635
880435
401638
926299
215832
20615
419015
812904
424293
668322
639701
410568
171375
213287
640615
384244
651478
588522
280345
118869
832699
350599
640551
573878
434278
38990
953053
347538
737993
701586
778618
436207
823599
58504
621196
300472
105239
603950
448668
903854
718109
371537
764685
527794
935755
10168
379323
351793
168557
384373
193686
924563
788564
381868
288245
305244
245082
884804
602507
4814
366610
550082
954378
862322
848687
977163
317874
729557
913656
117711
305129
269706
115870
800691
592310
364792
466480
316325
42146
985867
633738
904872
844492
889069
141887
323353
674165
450471
986445
157572
335428
693078
467695
809396
127832
16095
513383
710216
706603
870399
587420
845594
666595
861322
761539
654347
996485
991448
288386
785172
420266
299260
937326
259813
322918
271992
320180
103466
255633
871172
291094
350970
465091
614228
886070
294439
239448
90033
603679
375563
989331
360003
745409
84188
776349
942951
55243
111929
783139
219858
377001
509604
547163
72219
132278
65974
390637
51059
505518
550300
128772
925006
811778
321962
687848
226741
754039
540594
485182
814958
712065
444191
100421
664227
610692
774926
684850
780065
440774
372507
200895
578747
484704
575789
974645
968495
825149
358618
33748
798788
96284
622433
835336
653550
833554
313614
51755
319549
384887
833188
36278
566380
674603
787897
347500
969517
385826
283429
30028
664981
749031
431044
332625
91607
491781
605463
845820
198278
822100
863666
911480
445730
613226
301588
625662
800188
579391
340250
451404
397309
4076
54245
880598
10275
5502
296957
529456
587829
854983
213977
726901
790148
388847
913564
979323
339506
157318
682435
293900
370260
188261
797923
84183
928109
948488
900675
624226
710814
678701
798530
193675
965497
447021
5681
537722
713095
33086
312772
841131
153042
85973
56441
152908
574862
356510
45149
785467
617138
816547
380458
396761
944254
511355
915881
281427
625843
191633
516270
358288
518491
67857
724143
905101
503008
157711
694210
961360
847473
483394
412615
705385
406582
655900
924487
741642
314821
557094
886442
24675
595580
489959
181602
361439
613187
155203
287117
558002
76074
917849
774119
158545
33836
114755
781705
811604
1854
408251
459978
698370
797996
2155
706096
548937
486167
935429
798308
231659
982836
566689
525428
870421
498507
543625
279695
538109
266097
407632
120387
732095
77131
377667
454924
744244
435229
528457
595788
457394
997465
5386
111885
149910
832408
496853
982048
636758
579254
926481
253095
286886
564410
35124
794461
884343
842426
739917
505482
113661
144469
518301
701627
114027
984945
262898
349662
467791
785188
739548
941169
114642
521093
565664
875175
782285
725799
264253
370322
132500
434840
438536
967970
433894
317683
315245
138811
147103
839198
185689
851038
520570
805558
31987
239543
858635
422660
295971
443847
665144
898296
65287
18331
178286
5072
662182
292442
476711
835841
480905
444460
42767
356655
572824
202176
637677
396283
804239
489863
601962
11332
236563
858906
851764
742828
215776
288194
376394
650367
947720
147534
340309
577003
822532
667454
401032
778380
591770
838075
187803
791868
814889
601473
565608
104814
684227
531251
572200
553188
982885
200853
365549
392383
250896
651273
72748
565721
988964
998488
902487
981893
536123
363832
837484
102609
157475
649060
52484
880124
376116
551420
416066
416070
400303
15487
296442
581856
686624
187529
236837
466209
33953
832760
242216
925821
91875
116389
253574
221194
174867
162851
665010
676322
829817
119435
419451
313215
341354
42591
847645
592413
269744
111913
325117
448517
147591
604480
829393
191673
866323
270973
438683
345391
84
118632
576573
805923
843358
692613
137556
466485
754431
905432
680546
879136
987604
269912
864280
456520
458400
534363
403062
838576
583719
303298
382230
319879
944485
38212
647759
579460
357489
663694
460012
852367
757749
22108
752162
135013
760949
649069
195915
69510
351870
441350
571794
619563
737226
773263
755255
666752
799303
164897
269500
500751
171007
567455
242687
494765
160268
440394
975794
480416
784718
140163
106612
662460
3192
164560
434083
426288
774070
158838
37734
630079
252585
198322
8960
998717
409101
314825
990241
658261
99657
740587
723565
933485
280071
774864
578854
766076
774844
429955
621365
293695
393932
879010
442531
483377
809611
40312
681287
443497
175400
241841
121377
15141
629291
278813
389935
86926
881241
81315
880895
411751
11058
331446
323929
182004
452942
422800
856840
583673
14085
846586
230797
787265
149284
940682
546798
605148
929241
695944
183894
891051
214201
208810
426364
771598
654633
257530
368727
302745
562315
178684
385843
902007
458611
249553
886426
470559
352361
757502
673397
346521
488950
28426
526555
312462
777598
277462
348939
660884
27602
108205
118494
444232
406178
323622
633581
70713
33817
886542
621038
44154
57366
966371
627854
106406
656308
889510
1539
651704
485299
408929
962186
236547
220995
43213
985744
875950
919563
978051
116554
987756
758526
849389
907030
114776
736428
451430
491294
739806
484908
395026
67303
519826
582523
242221
961929
567028
390227
412727
395570
66869
529983
592245
882801
19808
474721
905692
193673
725938
604793
937620
632923
399148
549022
116208
172476
214420
614281
709362
851817
387179
73866
845948
679939
770522
784549
998741
257099
589536
742176
702784
657061
149158
285022
866026
399214
936073
51538
695522
730670
367000
323548
533635
978511
731894
978825
416282
195641
100400
670743
101039
397324
47403
291976
919350
426685
628619
266924
995743
206235
905181
394339
579575
514867
810873
411801
78686
797420
630586
440758
118103
175450
960519
551725
176009
874627
724520
298933
407655
180163
951701
369985
160887
696517
992008
920117
602602
308763
347730
366583
544455
732988
456871
188287
964739
704282
575240
619819
339643
229125
239160
128811
754622
948435
343775
602145
178237
32524
230050
602642
743448
360449
576471
248483
917253
624573
85096
703914
828131
73092
438680
860369
983306
412793
246723
733073
846029
835552
938500
798021
396628
268465
740585
629702
93501
854006
765014
570389
39979
212155
433219
279324
325624
270648
463483
842733
847631
882536
726509
156120
603068
487417
235208
53374
780946
993658
653763
858961
219882
920497
363970
541115
268979
813764
36431
885783
332685
245981
454530
39446
767716
709523
182816
46434
678037
495559
960403
701033
72008
553564
101852
277994
916264
198411
173484
822736
941308
462972
388216
688739
343455
378816
333612
696396
32463
281050
192319
73897
707967
802343
813351
49577
248097
691991
146178
653396
486610
58336
124740
669308
905170
645821
75128
774410
494605
806173
957125
879037
456896
500143
712300
637302
237271
391535
162442
221711
673361
981187
491028
60464
538831
957493
991587
669225
192854
119521
81790
419579
519614
886894
522035
322928
208265
787326
370111
97727
60113
932313
270913
422446
667078
20389
120438
715890
403733
950679
216687
101463
992015
807811
289912
246479
824206
232914
256731
135707
821263
939234
9026
464154
249206
49634
228371
917440
867910
51699
315304
16979
655124
65676
125760
596297
760525
301919
668102
274200
777815
930804
137148
689180
68830
410978
31116
926806
942561
396561
585748
48575
631448
297471
458459
374403
133154
803839
326169
246635
678228
759784
361188
96710
412776
83950
58905
72589
203657
665663
855278
166913
141639
579955
152913
382450
413265
923934
299481
787795
333832
303688
594036
8973
279954
332514
731284
536595
490722
22122
535735
259651
894363
977411
184464
994102
323091
483596
234867
345792
981022
758110
992165
538277
700628
608686
464451
650871
988820
281347
226795
244341
417088
532899
576187
661089
279369
293326
3855
630578
553878
612899
796839
554575
763279
712394
597370
782236
692759
675630
891342
890180
240266
245033
138346
887782
563113
291185
40287
424513
710177
565958
229727
994974
332128
649221
498243
108839
410038
299562
190766
31312
439743
552858
14551
589190
449465
307502
344378
806118
535720
957449
274959
334703
592336
421475
725793
355564
920345
133118
969485
450166
689569
53996
314316
974479
384777
880637
910722
758418
280616
999866
704835
622923
188760
979392
972922
510667
244948
52190
648630
990311
984948
509316
430249
456921
307884
873843
588386
897305
881911
303555
796849
543257
548405
422404
277377
44941
33278
120509
901991
926514
599054
46714
992274
291246
547351
699349
103953
491966
700392
233094
494828
946002
395230
549645
779535
887848
620582
36337
583858
118679
880710
8844
103281
21746
842439
896468
687853
439068
729544
949502
878948
606038
658304
525033
31844
521399
262120
29885
21869
260948
607675
290
444537
243649
450516
475609
530529
69618
150624
374306
601765
196147
769288
164710
971266
626656
916406
807449
763733
685884
175100
969573
180350
537174
204415
404903
521276
590139
416256
764996
753307
56090
794421
106655
48141
615815
988050
939553
838452
559018
769935
669559
981049
282329
933813
495750
485148
296688
663215
774576
40405
124351
860011
113935
613076
877200
371541
758976
710750
220200
847232
969319
154511
938759
404061
576564
111969
848405
667699
671642
691304
864947
398977
476171
567883
154236
74179
855868
57658
510401
653141
826448
987564
895606
210769
394497
476076
793888
35171
836889
765024
948060
415560
870409
840147
875244
891150
24281
489637
266863
546776
527973
765980
113860
267628
261167
346436
126998
937487
620384
571589
810947
516585
373849
783290
712718
141094
85245
447457
819269
608292
84341
541906
789843
702816
633258
219475
969648
880637
463337
435631
975020
633707
439212
120631
216683
77644
642341
126843
22614
299522
320087
867673
803406
204714
390284
153343
452949
3332
148597
423318
383835
352422
433019
690814
601609
184759
768883
418789
441894
674840
585560
788095
646143
406613
932619
946453
294200
519172
148366
805105
523059
382614
301441
421829
961131
669166
668725
467689
575283
153599
312671
92904
226879
486389
787101
553500
60201
794293
361263
139391
817357
289628
519517
934530
562388
845081
265574
840722
793304
515484
780282
848214
810774
222426
450670
164677
374049
933595
765623
917884
363435
644209
678695
415572
957263
180136
436443
733069
796285
480378
436
481639
31476
331856
899961
76182
17299
745228
416019
555892
24879
3084
68067
975431
964093
21501
510604
746363
743173
18122
454926
539826
542338
966132
38364
303363
45564
667445
363153
185323
100510
991474
755241
546325
872644
208916
379625
229306
28884
576495
96079
522259
517358
943199
615210
479009
465854
621614
114557
439717
909442
831639
236171
219686
656986
398481
803356
94960
922404
95656
328031
353290
265556
940290
575367
937653
110227
246838
312038
998241
75755
856160
969226
129248
465469
121421
146457
196883
174928
292174
511311
340821
180175
713261
627920
699711
904461
698545
784225
746202
441779
534995
707725
384000
163456
908254
326160
737023
565828
777208
764806
147913
162304
867855
247204
171113
862384
752421
764654
862659
824341
678762
495403
879323
138602
340302
917752
959270
179087
724330
828598
192939
573298
998495
586984
321370
806417
217359
788312
851213
123778
795747
305090
100243
259405
216053
156758
482289
675697
338898
734729
575579
653890
58869
279303
752198
24830
830457
232741
541590
117642
192794
483865
513495
523354
783647
489849
52681
113725
280931
829926
332095
131554
97484
487955
317500
207119
62661
605741
45828
344534
131678
456202
781577
715375
908227
346875
612096
405329
710970
512033
304289
880841
418758
538611
165793
464966
861106
224884
497411
795652
541843
850101
876572
581593
465954
382992
471705
63899
287853
843156
2316
71549
469143
119670
221188
494060
862481
971441
15327
525458
556149
255864
813933
680039
687636
946038
600276
242662
505016
372857
392036
254182
524667
805537
722654
253760
292278
835553
418170
299181
248480
215731
268626
241441
465052
140535
600938
194742
676919
281876
538474
995176
216490
25937
262740
40368
833175
23808
373984
260698
169618
946748
637483
273139
415358
977453
595690
27728
47390
857732
295430
698096
395246
398767
855373
792406
119257
65393
796069
63076
153755
395422
993796
150556
472418
138985
744955
656353
828659
615700
701861
684256
879367
256146
266492
989486
978564
150063
78294
714593
161387
463163
998033
617746
621000
569057
833773
474637
996346
331476
660117
45981
525421
197113
276652
246375
302134
956168
163984
162512
156000
28162
294552
338463
895090
534127
258478
222831
124215
566779
699954
245677
796742
114223
470353
748670
775471
168569
215299
79268
772946
225809
545171
413828
575083
65374
615938
792515
837281
136578
438970
688740
852392
549001
659285
151520
136202
138154
727201
362625
484757
955422
569311
146904
761731
974940
979399
753022
876608
506580
970234
739387
609918
210216
717147
128734
676750
384733
13214
699775
846357
958071
516258
587914
47075
570026
537780
492271
140077
36612
313716
316844
279980
171408
955121
418411
390918
926511
836168
119623
18121
780608
559493
686727
434458
1554
416402
695366
649277
316277
159524
664770
7383
953895
312786
657469
53052
592699
278899
593759
648123
749809
909335
224358
384987
791880
925031
196247
89413
873182
914525
1437
897498
837123
369231
796484
416684
954419
64706
806360
349915
396450
156063
880520
807069
992101
178047
695004
970694
147123
151584
785670
649029
426890
872656
487794
335221
632269
437541
274763
103705
787947
766247
547550
598401
533743
803129
381018
378110
402552
598028
306722
932862
826998
922598
434568
55352
106247
207740
103204
340316
881608
409458
149721
85834
820902
352890
978503
48647
468670
514503
359714
120917
831901
334267
88614
783090
237607
745423
606717
784788
36124
610570
210772
973836
34754
988156
732865
484050
109708
761107
47539
892704
764262
797930
399283
355200
452946
322606
69556
839913
306479
555391
413697
475939
652268
791201
187392
412480
772590
860962
837803
905460
400348
426958
477659
381311
248617
753571
249061
718935
745492
229898
7588
252480
278024
547406
754674
520157
308248
891805
101676
916033
390257
822456
438723
826585
722252
857592
336569
410266
410841
963
753352
974571
222241
267009
277169
580015
771803
540030
585030
110299
248621
839768
530452
40816
965834
492178
106236
647164
404064
563716
823862
708020
673794
803341
462455
297334
386311
980742
261908
117928
646059
178228
824599
282338
67469
675333
508389
937500
573961
994616
944733
825473
726785
804419
119631
986352
614962
624729
573634
952754
781025
38630
307916
738941
844448
669388
614888
602019
427358
486638
587229
901642
96455
963984
273215
403825
37313
515170
529696
417063
749173
344557
331539
279739
172520
738434
753267
400092
227931
568283
887736
464339
898237
553774
395876
849792
977364
753360
529670
26533
120294
54516
677377
557331
372335
306369
779806
797538
386431
627445
166096
934583
391136
637424
898415
867499
369313
374075
365723
962703
830985
439217
212074
683505
936662
819975
486180
114968
650296
53939
992492
787471
394434
523371
416467
278440
899493
427904
140528
483285
669603
131998
444501
922201
37049
955510
222371
716608
733268
214866
250103
288633
588406
131592
421586
289705
176608
926022
565546
260149
968821
352723
176258
659890
359895
80343
676851
5730
158743
837005
561087
960142
329851
213442
760169
700462
966432
427980
874633
986941
788622
409385
763841
174619
456026
317843
515187
588214
344865
946918
651203
653088
704944
603709
257688
276347
663971
270418
654289
997094
193930
272986
785429
196609
531441
691859
762748
838304
260531
720276
619669
898338
482253
170060
349685
881993
343683
299215
934886
84741
946593
476833
589536
521168
600602
22495
477942
403553
81449
893082
181287
270712
240388
895375
363368
564159
884762
984467
687875
906375
675909
894003
488137
862637
934126
371567
546858
232048
863226
774244
265852
874420
95590
901195
920027
629606
858141
631170
283150
862949
775392
753629
366083
470762
423204
881287
56272
97960
97361
231309
130666
995658
362627
287308
913480
162464
74151
289425
434434
242132
388947
830511
451152
870305
536587
284419
137634
864111
607006
266131
667948
224198
734377
384198
428096
585747
52676
17979
188017
805918
534716
296637
365590
648526
533778
636190
640327
542993
919289
947948
424833
685631
856415
432619
704772
450897
558190
533102
579708
554542
669719
769460
924267
846899
173762
447405
770655
682087
254878
501500
203553
627476
977676
864212
827504
626493
603022
447336
857189
105208
288784
304216
594987
122157
360846
81433
756500
782116
384264
27714
487684
773939
769000
578435
754878
670722
65340
40592
415780
446117
821680
296495
967761
560365
63697
514932
940871
168975
105282
415311
73965
378038
249160
149621
351681
314291
642239
372964
321522
583138
707886
477138
452101
450746
728044
398989
853132
848770
544283
820324
548846
631591
715772
353681
838161
553172
155980
718477
62289
461576
78689
841863
443072
318007
693078
271091
634531
283441
609668
858322
232239
801406
842852
716208
414100
807061
400456
967545
669850
292275
312853
770855
561010
962031
361693
849868
907474
399254
704750
962138
523454
334953
612995
460298
57236
717317
567377
998361
51809
547331
746699
758689
989025
143274
531586
795224
678213
237596
749554
974780
806991
729479
808938
444046
152030
164527
303406
360821
370387
2379
984725
564139
878770
405225
664084
539650
426276
827742
634997
673017
121196
947489
691561
328190
441080
803616
483646
26311
54631
559439
456863
618744
86872
416625
902075
643785
555305
353665
374922
181230
350865
218775
309517
14614
148941
998380
814070
966536
34749
572825
534157
882129
100000
271847
324121
996907
239223
994404
79000
489765
944272
146406
225818
808553
304264
974425
103666
970009
542351
678005
292526
954886
884520
98799
696842
649726
318896
513056
242739
302685
330545
878522
23122
83703
706757
210257
883642
530573
271619
102634
458490
867541
365449
568750
542018
244724
604685
955336
840323
296880
671778
665363
12091
543401
765323
763234
275624
155015
947104
838697
650308
704696
332678
597537
860040
357727
403830
162032
444727
100781
179707
553744
398588
163532
256626
639532
478337
279085
960461
939251
686725
313467
386411
865751
267336
117601
4980
495097
595686
977251
188216
93610
851424
811699
831919
648330
925555
639660
38745
107605
404694
798196
254557
198782
196468
920226
750390
907886
662215
60051
152659
897503
244294
667422
246140
255703
399288
56561
454202
713767
759083
940821
457986
864407
864257
383034
772291
378620
194092
704971
246356
194486
100731
302050
6210
325975
329817
224329
613546
588474
711112
991459
493759
618515
141081
803626
75369
298860
392568
483310
564399
713310
290869
71186
785266
858935
4447
784449
550280
479149
990882
726840
424475
273453
479843
433173
460137
360537
835531
926290
142709
1570
668060
770773
439703
447098
481422
182931
553471
766147
46421
383492
806491
514713
823447
600503
529157
565141
880574
883500
512043
560252
747056
476910
698712
232464
650690
509984
267566
831971
206566
478292
262727
851956
634082
857643
898842
224237
946336
244416
681063
924806
950302
583317
130533
707805
666237
741426
304793
265316
445240
832626
692677
126103
128333
858878
271228
509849
605288
974824
182105
512896
437032
363782
124137
590597
875543
652849
644072
59161
339160
683875
501550
78545
892712
664061
470812
915973
208107
740734
288515
39243
866660
311426
266850
981978
403957
888353
823908
899977
562895
38032
121041
423046
225141
569134
418514
832977
889952
147140
758514
742907
505474
362933
347477
679463
24588
337655
568322
617108
869168
547153
765854
740344
655843
258042
952523
834182
324380
461241
485249
890046
514852
904856
677045
259485
790293
628648
630155
951154
747133
740655
233919
795357
814744
141072
68606
841237
659988
98923
818719
964934
464007
878614
698159
472009
875535
815841
11944
903066
640637
902043
55539
982508
767186
733881
102214
73050
138989
429161
660111
432067
434597
11528
811312
187472
668159
157000
519607
572122
786302
988753
797798
671716
781600
495093
620934
400047
20503
115044
208237
243180
48692
807492
529603
820822
948761
823505
467217
882915
253589
530027
673012
597788
201661
957301
395490
75632
553434
573576
250045
100160
296291
699276
654155
60913
899411
470667
791858
330386
432516
72576
372971
477945
710544
818682
119558
786160
708487
82528
453080
217495
280818
790535
266245
513068
819319
513795
894210
758306
250750
779702
925371
333439
36188
935068
354506
657957
805507
684329
227609
251555
671960
482547
850979
376761
102641
429242
320097
619176
9883
50664
80171
999821
387155
368756
668066
823537
343850
646677
41688
259387
678368
578690
15283
650034
88495
546574
953060
437836
661487
920617
136542
249949
121082
969082
873257
464371
557241
490809
141674
680616
437092
678590
404121
236027
776240
131890
925567
912180
136705
369582
461020
529906
186047
325855
881383
52739
507152
67534
696049
401199
385610
521850
422857
648273
827696
390239
191131
228587
563305
684031
113169
286926
657822
327935
502935
603023
362918
53601
677881
401927
892087
27597
785170
524994
940569
834158
71711
932243
225557
996688
663535
539627
544546
36543
350895
56777
855883
140656
950166
766196
123155
524517
480726
170378
166637
912719
505503
129258
172520
209374
732809
702177
562446
619930
451581
972794
987324
11202
629779
170788
888771
701965
856699
69994
668182
847083
777287
776173
741290
563116
123870
420427
109926
766490
212313
218104
753540
897303
39457
40775
146913
13913
785404
883904
718479
245514
117690
971295
414091
807689
866951
121423
387824
334864
24109
486657
223091
499407
262673
915044
379588
506847
978394
872504
452304
505001
813611
994179
449672
987980
316470
853487
130480
873578
937948
784986
857986
701179
390403
989088
901213
682913
984014
710843
234780
788604
142890
659496
155646
724966
406161
219601
266919
133944
151061
392044
169779
62128
227259
747910
228705
327971
858672
89632
770683
453909
554761
932209
10466
796752
563414
147576
147403
900436
238552
131124
15045
438437
229080
671247
286900
378873
21640
676867
125409
494156
524560
960709
109326
491764
991403
685454
507296
551660
735771
533747
326306
737495
69353
776580
100384
969670
738054
467319
640831
9148
806256
397257
41045
377922
430036
415901
623466
791768
42979
122841
493004
75244
577692
189114
117232
436375
893279
384671
293264
573174
338219
903185
222399
701727
131345
103001
562747
705787
233602
141608
866938
106889
755718
514464
311833
65961
955782
266907
548501
727693
391460
417003
426349
211716
623765
63078
553646
272107
990964
923593
983922
804892
138219
562068
833090
774687
62691
601513
639883
223154
571497
269500
204
953099
721291
964268
204537
871899
331384
560542
907505
399965
119671
41080
869455
897834
460445
745716
452422
389088
130503
619380
320833
275529
640299
669850
156882
428738
544475
592004
47568
802541
184578
891816
348259
168324
609244
559020
438075
548294
165884
118311
893616
748415
33639
476217
510202
944553
783302
97877
250551
814066
80527
945954
942325
930328
202961
833026
410283
136595
995342
717037
588250
986176
37279
862772
937894
343358
321331
654058
11688
908458
571208
933478
725480
455081
113340
612292
890114
14541
150685
175672
746749
812540
313512
456054
521555
879232
26127
194972
880990
503099
472697
267491
757013
772512
639455
224187
260640
911920
482265
68656
347213
251497
74595
153712
31844
472698
8110
962735
522850
505723
303721
487508
579299
884180
189470
107004
308436
552553
735022
574901
480110
583112
791951
305280
119889
13495
223752
946597
852415
425068
785647
301548
977692
749648
806872
397993
260296
297913
300871
127911
765758
461982
247566
456292
982256
612170
64590
415681
168266
514382
436669
731973
24470
512295
754007
635636
390460
345258
717597
129276
10107
499633
463794
591445
129651
655022
311406
494238
355288
757683
437982
352198
117928
748701
213156
857249
254617
821872
639776
463728
532842
230235
311717
70247
147985
768143
269558
713060
59507
577545
929987
428230
879548
246739
360360
523343
951730
966143
757562
63643
633568
269704
175578
171635
156026
736953
383101
872916
35608
488873
322671
847423
297128
366022
169133
621101
484316
945185
739356
761660
839668
173961
85533
909918
395608
49972
694735
457400
401029
222415
552775
311780
418236
451607
300274
286511
361473
356601
214364
3828
414411
388374
171802
472506
911324
440226
613224
792006
207954
793372
928667
614786
450659
819696
203958
712099
901805
126659
865022
158224
99111
123077
439214
491605
634235
454096
201148
948112
146103
398548
263834
172446
906969
404341
60323
283593
629136
408099
614581
624658
553307
284845
157078
860162
85857
170348
517783
125681
80622
715032
640323
224621
563832
15321
941574
284917
934871
45104
469288
463448
40372
934992
287447
606057
130247
277210
87403
807710
648890
568787
250274
255538
527567
55998
95571
50137
72573
721556
96213
501097
823082
153157
867539
4424
977853
263429
39300
397452
448527
756295
690612
193385
143608
284380
188851
162271
786136
447743
24651
945839
97342
891366
267986
191496
392960
692785
490510
184476
38582
901516
318804
15232
596551
716275
304486
138445
822588
411473
576423
146921
816641
182260
163490
389736
618391
788495
198682
152519
220248
143331
402252
163900
116697
98812
546515
616916
610323
789524
558575
165866
579580
333834
569819
836255
768329
89087
674574
68232
646326
203823
522435
166318
925203
328119
5285
603586
750184
588527
36274
765468
332097
206311
306311
87727
211350
100699
482459
666655
222279
90758
712212
741264
971468
778710
594255
969952
898778
54729
967628
971138
727281
721815
599250
12271
434526
122677
179992
555632
889150
536465
296228
886710
334868
590917
291834
513039
413742
534764
380943
306608
853930
583666
582737
672526
407715
412575
242040
272040
679587
601336
861809
243704
93051
201015
383292
994035
815767
605407
881709
565459
263165
516271
205444
632733
122711
617708
955695
134054
490342
159076
633522
609213
484993
662183
257610
958181
647284
770105
489612
569624
350778
856298
298655
491440
794168
967009
666754
245510
916702
447802
573584
195146
763444
986371
921122
811352
829533
195265
131795
435756
101222
504687
381183
814646
509680
486327
819653
295046
255297
145740
271299
875774
146721
702767
99724
516397
886950
764868
898888
394834
751395
295498
890718
606824
217387
244801
828133
385593
885714
272282
922978
437504
805105
925960
897975
874729
569909
2671
863952
639509
939407
549147
687453
414431
807668
424115
880419
317582
354640
230236
845197
789413
772103
191592
723666
48680
993778
542261
774351
690017
20790
341222
599542
735185
191836
139513
281601
779065
592404
933512
538177
312108
955644
100974
211330
353087
112374
969222
958993
854713
21161
558193
184472
443002
910779
461192
519726
983701
376940
748113
927159
211204
331271
271757
280426
263687
850826
318370
548579
235454
256164
942558
670508
780173
674036
897347
846368
264721
126531
371346
463439
873218
810201
190428
739728
336761
906656
149307
921628
617893
677758
113186
261261
432269
376326
85665
240415
307192
941859
754451
339562
424628
45824
543176
196029
910941
61909
907855
17737
848240
426649
780271
213347
460216
368024
766980
729015
241767
958531
882163
638916
712724
139797
779375
511249
594148
237574
377018
502183
945837
483858
205831
380924
514251
658771
952647
61997
768667
759428
702207
470927
156513
724616
47030
508544
189232
947512
156333
798366
822479
762155
820825
850930
729389
306676
968186
661568
865528
680762
857724
363935
756214
933541
833745
423051
903279
133332
318917
367112
89093
733462
455864
282223
141081
774104
369085
947602
452609
992448
19222
41906
217355
219337
210155
315638
594940
194187
944229
386376
508498
275257
174828
355260
483339
325112
364060
754502
807911
367496
602325
386135
984957
750909
397334
271670
616640
914718
482739
447522
109623
419109
435402
225777
100951
384376
303041
448883
604519
181097
685000
788066
499168
8491
456641
808857
213525
136517
427831
817468
615693
821624
410277
214583
361427
157654
193228
947480
403044
50012
868591
463658
908736
686459
895936
997437
327566
400272
469745
897536
946153
798
355261
522359
234276
847992
156527
756031
768838
85804
708173
813976
897772
649148
362153
596553
506159
283457
620213
73721
267358
552698
266876
216002
359940
265976
284914
914006
71141
793672
753781
773942
118577
747526
510778
544100
30494
537307
157107
144790
433000
3134
209941
873070
826555
331100
560305
245551
268663
810557
387262
489914
847417
790533
926813
337412
809325
138445
35
879236
549992
689685
910082
813394
785126
938416
523844
725317
585089
309865
732652
415209
156045
109385
967345
526109
710556
225796
617865
473496
417201
516452
572100
908498
165274
997046
645184
862249
696911
996393
716916
984746
10324
643135
80759
566699
10013
744865
233921
213152
702485
517856
99617
725811
571193
997279
967376
368288
116559
405584
128830
459183
773124
90743
894660
376969
290573
235725
909948
143540
24954
636798
329564
939821
976985
454449
680631
604362
532953
873814
392811
407441
877795
272813
785088
151240
963827
837986
938243
279782
198313
66867
229311
64355
890380
205633
811263
110156
335059
952563
753447
719336
9776
911904
483239
933922
620664
994802
764465
83275
351855
586665
795281
320397
815298
788473
237929
979998
890821
534670
317881
396170
938908
685710
820462
677563
178106
279677
740664
908962
277920
9887
866359
375900
481811
106343
68983
665745
741956
600221
668729
494094
567853
949855
710958
157460
676778
893756
716696
375914
720473
477498
402248
238136
8695
999472
433925
248553
860029
530361
255675
7530
40126
765139
842470
758914
776925
880086
823820
539339
423786
899279
648403
89035
378259
694444
519319
420715
393871
953933
506225
433250
180222
720351
968902
609526
852076
934383
670727
174711
864407
944049
537299
395619
574404
289124
845580
53264
533996
819650
399892
626863
372405
518642
461753
910207
456503
234893
99322
774051
636914
532858
477467
662166
586798
110204
966827
880106
750583
614130
512069
897963
924658
288069
889809
391992
220386
459785
313223
608178
95370
32118
576458
592492
848013
333981
33047
285501
847557
372692
236212
666877
700027
36801
659516
169915
530303
338649
824953
800820
513365
791165
561306
813946
243083
480988
925302
257248
555471
788375
966281
307696
305092
673656
447430
161739
374772
144935
402636
751800
30217
395472
213900
208566
928301
947409
482872
958212
99101
694277
660846
332277
805050
75331
4889
11873
314140
168361
765247
259783
200045
310499
631622
369418
829261
314936
979234
834227
654355
714866
75549
487618
975473
630642
587911
426018
824121
421070
686882
324793
338878
486702
779487
971665
407296
747930
296422
255295
641072
455268
666408
935496
83224
612056
28643
608197
175017
293543
95367
83259
307676
431293
219227
595757
512721
45617
14423
336749
29897
484431
797017
5985
423448
738114
283432
90322
785832
350
581298
173534
482945
826517
971309
621020
507559
644288
833284
939152
635591
563082
547171
704331
803623
633043
250754
122942
381183
596503
395926
673726
919490
798417
637902
949594
661024
339100
41150
134153
952830
948458
318302
429214
125389
428867
115748
850343
701993
914216
864193
150768
446292
163666
86875
387674
504663
649113
870776
790077
253786
780337
325643
855408
911502
890599
434715
68733
153302
909567
716186
701027
651914
191582
907224
561383
766925
516994
143075
950324
767386
637918
987929
131348
498699
649674
300337
324754
351090
809012
623649
434925
215479
781661
250323
225673
121641
156420
691259
150909
190253
205362
852663
72242
116465
598278
105214
48326
78610
444020
949073
269481
238760
597060
443703
592408
947658
670216
93397
812892
915328
284955
811602
930785
956261
400886
284241
288045
734237
66070
338334
690787
172488
457265
240386
491479
880020
720587
727461
828234
204627
293370
307570
658892
773794
806794
25711
985880
441938
665205
400261
921237
863879
77986
483198
764958
39353
908838
871424
880408
23587
999440
324978
810060
735438
397405
631127
157236
199153
854774
149258
54304
96266
480555
568682
745716
571781
190429
875930
904617
552217
127976
270451
630575
699645
274777
267816
837176
923361
133003
376421
330239
702631
617795
295014
174772
44661
958978
212871
881533
418909
288930
367597
747643
307648
710211
698004
208864
127376
784908
157069
398009
711221
504055
311607
13792
105879
481516
122134
917920
252394
855084
685256
926380
644907
437491
451107
941103
956777
900083
683145
891486
262581
316231
656290
844247
964
410747
912624
537850
818268
923184
539121
52740
921836
848473
136139
141007
371536
853808
871138
3164
206646
715123
691785
69760
228223
715218
667167
389062
857781
330389
400737
775423
959377
631145
145124
514716
908615
907864
219159
815070
284306
264342
285068
941447
375822
24319
604745
598364
355515
701608
675492
801230
994865
743374
221032
770617
337411
7223
577496
865156
598236
670815
469458
793847
308583
969563
173710
806700
977398
250160
898892
466390
525184
56065
354498
920068
618784
318995
388136
977945
758566
576242
101880
677779
79319
411775
305132
934614
764106
66229
893823
43448
174251
419147
632194
376562
454684
344004
690601
152074
823339
456610
207763
359764
293801
420700
126156
254566
276357
192499
574975
753156
21069
358255
145740
44046
12650
910682
412706
420125
470464
27534
786792
756578
690273
647159
783753
741193
208185
492086
487943
740554
155943
846515
264635
814196
934060
160972
11483
575556
358923
881648
758476
445810
718616
939370
44011
472208
294775
665838
22722
977377
266683
880680
537612
112730
549122
146521
677353
873594
664915
33416
279385
74814
251728
156277
100219
387738
550766
276712
94164
319559
511855
371956
491391
307547
814992
74995
993006
93203
215286
950432
786564
79220
98674
679457
27651
161290
423715
573225
658769
920827
117064
858384
280268
735021
492163
325027
783659
624833
843196
350176
885003
33726
461786
444870
600617
757727
756416
208322
378454
983489
883186
486484
594639
74587
750134
969183
748952
407366
718508
815429
372177
848534
241979
519002
383222
480182
637499
547108
235471
870579
885862
583580
609992
311723
858149
937114
771283
36751
939104
124617
869542
378461
133917
802908
700281
252974
542093
391635
234372
653509
835468
557712
912876
740865
242482
334939
709946
236950
763516
758010
928308
41078
97481
263528
560229
212859
501902
639941
63795
939792
272515
281464
909262
290758
629731
602305
265275
400754
540481
647933
909863
821113
671671
341678
251895
533357
734160
36338
761368
880220
975520
998847
124902
830006
541733
292670
933887
483727
902552
88752
14771
685100
714856
418000
350122
909450
156089
535695
874051
227742
621089
995294
613391
362086
719917
731570
394185
700679
418868
273480
632414
61668
827302
380059
94597
22137
560940
829824
995710
236335
274067
912310
793300
69860
595051
878460
121594
452278
166150
791655
45074
191681
167725
629362
245027
697701
136569
522240
991806
64193
710272
651879
555963
388710
835582
207213
355944
759888
151914
319418
639834
80324
395321
38238
826087
615874
197192
449519
604939
924059
602376
382423
439546
198123
164274
750495
847165
359610
110405
233515
460896
914729
73771
914424
269998
403464
386477
187128
508097
101594
9175
151744
518919
963513
772625
621502
570243
908399
455589
699672
332321
398380
965155
453770
754499
391766
606244
883791
265081
983981
628251
218415
104434
974603
646903
824788
671725
37100
305558
944679
616782
128127
314924
872301
627571
561684
239041
381636
45161
33662
966408
81241
721234
904866
950748
887495
920368
698406
840667
810980
822960
455090
850446
846127
102140
275182
961305
11329
450784
172658
493740
72071
3423
824347
492492
454334
60147
961228
611376
412914
890475
270936
802014
385545
997742
338491
203310
970526
651422
17904
476564
455645
749644
852912
367580
541873
713648
845198
358937
636015
386073
315854
876480
654026
203608
565906
954925
526846
985438
456790
865642
533320
846589
545192
445571
90995
140401
17706
773282
144641
440079
90053
125229
27965
771253
747517
985509
545233
272156
912525
826174
446859
171105
946742
467218
795433
427427
68840
935301
959329
670837
240181
122607
374939
807109
368751
628836
930597
39304
463756
192304
918361
831468
131409
690416
784341
411016
337979
665384
496943
489837
518148
479742
509832
206248
474889
956158
32555
636952
964670
597479
464040
125297
140656
105952
167498
311543
517955
563823
758690
127776
751972
684466
823903
688259
646871
515873
423019
427466
403557
413545
802945
617800
974672
776007
573276
865475
666818
87512
491276
733701
53163
817470
875864
484379
258176
347909
290733
911360
859914
158259
19951
925842
378129
678622
126804
793159
521184
925349
17771
444517
191643
353490
971326
899440
714429
676591
736254
172880
900122
821963
658136
853622
435508
234372
21725
467263
3935
921303
772771
831118
629126
298095
562520
347750
932580
486897
605982
742656
275091
175591
8203
731271
488092
61709
398729
486933
716173
995169
43346
511355
143751
957293
96367
637089
851665
249192
568704
892711
100145
43289
618150
544885
648218
320864
41043
236103
866801
566141
962509
965845
626317
646520
774195
412578
487205
340471
86208
104385
423520
63848
704643
111574
196310
18478
191132
716415
453816
889524
823683
803566
515570
250073
170896
191817
384162
711139
32274
767148
964151
475549
190398
319678
916926
585244
996050
970873
630902
888527
112843
826016
164818
161570
629463
929020
965805
706927
815411
76142
154946
631715
983240
545512
700060
875001
585640
436844
974318
890069
877845
46496
819254
473525
512789
749953
894576
360168
194970
570498
308074
174884
539325
131690
252790
89547
746131
280261
771945
283297
473414
509589
514148
446153
489664
118701
957418
214212
737203
808411
299267
259258
629214
248920
702637
451253
564836
79861
682560
844871
32078
303798
590034
261223
657085
407827
597961
224144
520299
173807
859964
531277
651482
304930
518911
464148
925669
831388
199719
577251
612330
942588
89059
367686
966587
544009
215700
781622
831553
347908
198723
937828
12318
911886
35043
711566
579831
208058
202983
154810
857828
463526
371408
729783
938745
431494
76775
310328
261758
44479
228379
825082
270381
646676
753755
781065
12545
515773
255627
364904
671748
477463
367184
204028
906339
933162
519488
370676
704803
560068
840316
845307
612442
827912
771849
747932
279974
907753
359109
492219
432169
81830
225096
63134
679642
408018
274602
664053
667794
54304
39011
111680
120649
589504
367853
260006
713960
425388
435963
928745
341633
503853
774996
173949
954123
116160
847519
420956
137743
680031
576029
893947
654407
320324
750982
883650
105604
676249
970282
543140
475183
940165
238494
773463
755368
38350
987122
467706
27488
62227
304851
294404
891672
984462
961176
550910
732987
803154
2714
203084
773254
655141
423949
747987
986542
628052
911273
330577
272486
455064
389513
52714
379403
20052
19951
180494
838072
667596
599505
366024
522230
617660
108402
261888
886000
495880
38661
61854
433062
911553
303564
294356
965623
907580
537545
553913
815462
143369
955697
487862
855414
520604
946558
542487
557034
65423
217030
878970
452642
270591
21844
927975
470460
601797
344721
513019
823634
211028
941216
740101
818826
365424
175783
319990
965395
509338
960178
823744
488602
911390
278397
10501
784125
635422
852167
803523
757922
877439
134138
935458
896505
687422
394360
676230
301319
58810
951932
796543
855782
886351
6116
938600
100707
360050
39655
440564
767938
359941
109272
793944
921201
941291
125759
186000
930563
585300
56577
310571
935361
678071
365454
955737
456738
947895
765682
938192
771253
707610
707816
209646
914936
18234
21769
181433
109637
279457
269733
393891
137331
287097
465215
559524
32954
141989
951446
220825
569673
375688
353265
221449
157603
716744
446681
277201
167872
703152
732263
795555
588643
493803
416459
844694
7171
316878
767451
217392
798706
990641
83834
912158
165527
24371
6804
995764
105465
259807
179191
626300
936609
348071
226495
957662
154518
623469
15818
705752
770239
885422
748506
130348
368285
80989
412714
173903
703227
328614
509489
370779
443068
466716
17764
112003
350340
750621
298877
565595
582962
791908
148630
955075
259354
205077
602272
198534
318660
510466
166758
668216
614297
148453
939482
73890
462063
11940
745581
269505
739988
677816
354263
754484
487610
794555
399050
965795
920758
447060
547429
606181
722898
652831
959549
936492
961588
333590
459230
788821
440177
284881
207126
257410
1893
920707
134980
860735
532421
398477
356987
58668
719242
923165
435788
903978
436329
682460
134414
423982
308397
289391
118312
742453
681729
700365
473534
159113
768222
190554
805357
244592
46313
805573
482506
79505
851499
806205
764929
606441
287452
719430
232709
525912
90483
27913
540790
477465
455132
547737
362616
560330
125679
357024
681551
231405
944449
833361
932098
317251
440688
902486
79123
317340
354355
161914
911724
994256
327928
649995
871080
443698
191865
529300
481871
707586
889523
575373
882289
701356
979184
973062
542752
836025
249043
83585
140947
531206
696803
449238
651223
50003
452792
334221
706833
252025
231613
105427
979208
901379
143765
873145
746302
612233
330038
352617
876723
84064
620243
975902
628146
174914
808410
290144
871972
181568
49059
34464
19702
148281
64137
273287
38965
361376
742840
853050
600805
93650
477213
640618
848891
879235
941183
974046
800903
683071
541842
397801
457208
723525
277393
579283
534261
680461
784931
402851
902236
232318
311877
220004
237705
769517
823881
452581
280256
825037
574662
858059
23376
709037
374314
159315
549396
949546
857178
599003
257335
451094
880310
537028
821075
825591
819553
51492
686834
338315
885925
972452
251212
983958
865254
250177
92228
630556
161254
598910
660499
191983
41445
782253
250224
945418
500904
416407
965095
577660
783073
533457
410403
49790
190410
724832
144447
930632
40409
426543
584166
481660
927699
794318
963590
251775
428092
640473
818192
652825
440383
215241
480447
51495
963213
963608
239340
22520
315815
465110
267699
966976
499656
528021
326873
934467
923676
949430
574468
897043
877739
180802
578777
832740
346348
711729
610211
132407
537611
868563
165308
176641
990555
912331
980167
907910
513603
780150
531893
408275
87599
840940
559050
535984
234548
241171
317431
464565
981031
148587
454939
567317
912093
545669
724601
246782
806853
831952
729138
443867
123573
109843
599856
553900
697868
961272
902801
155457
87366
912297
949335
793449
937316
315246
76603
537684
575140
699213
712242
477456
405754
814551
837399
578267
136461
999160
306457
31698
991027
226662
87967
624202
474947
541123
404852
55217
869250
526163
351115
110510
796379
655269
690195
106739
329493
987989
899875
962474
515159
106214
222778
46531
108412
17462
618162
854474
616423
834350
197012
427244
32772
674574
821655
490946
751444
449880
882340
352635
663126
959240
851158
142545
239397
505390
633491
76843
377045
339775
933280
957944
742958
924123
914781
432003
566947
189033
94592
675004
960054
833895
210915
678951
978098
20714
985937
398596
922083
177884
827272
409919
65499
845877
685341
70965
955108
909231
816691
658362
35300
785687
768145
732096
236129
120878
363186
803682
180354
776957
855456
384401
135584
440700
629123
707553
308948
474729
817011
765607
553577
271872
859422
489485
912225
710681
374977
474432
133217
814326
601709
23891
801949
440971
337414
524158
763481
311622
534638
838555
353296
316096
829442
391284
348593
124996
383570
553628
882617
651976
665335
594439
600489
806097
929641
365687
420034
710631
30289
23249
597296
44073
381768
944394
607363
939436
282084
262440
504849
681570
70012
346056
200648
332314
778934
417953
805042
231363
393893
545393
509503
565685
833862
899095
970202
310568
267225
948659
586632
6012
790391
30310
334002
347673
84105
857815
557011
113604
183247
902632
804879
356421
918697
641399
93267
658601
445201
702419
759973
807741
782338
472847
57134
255463
543643
657715
192968
619014
185229
610721
309029
166200
109916
672790
899041
113284
673639
971451
55165
718444
777049
534436
527229
787680
855644
384280
605561
243053
356251
330215
514536
555048
83678
126426
352798
513391
482073
244708
164128
971529
68107
683026
534479
175228
286724
14556
798621
277842
214406
579342
494433
171906
3279
671817
5065
185199
998723
291842
634023
123763
77292
760084
339085
137485
577054
860435
356953
618744
989923
225672
341299
6818
385034
79896
184803
793058
33994
502193
277185
997201
286333
150103
777837
513392
645073
704894
300346
9108
157393
221989
143132
200714
846332
332215
555502
56563
551205
814989
472384
858394
142096
570214
706734
178365
401039
818501
764814
646384
525543
157257
837033
895718
670945
312803
518638
418767
577662
204670
304693
913054
624194
857003
186764
515455
316493
659755
157796
927906
974337
12070
125681
271088
950522
176225
891537
975743
349388
769887
882963
553649
242891
603507
71500
280258
52430
605905
718466
89570
581930
95974
26263
734073
297376
652467
547698
353488
97235
866431
532133
545570
508330
585528
992403
193451
772824
325208
675127
69698
516713
525944
428748
300597
377756
159733
506788
162795
848956
815143
215524
143541
430626
382895
171865
542891
803312
826266
83211
899377
711304
286544
553787
406667
152335
376852
225063
575817
918603
145257
184075
800061
846074
712970
272645
524763
704856
996872
888296
303252
111323
731137
189088
198572
244476
678628
999129
321822
146325
160704
233608
431503
534637
773150
691127
912537
940218
825088
406953
867042
142062
743153
453413
408293
480421
338637
838328
370093
202497
355453
273459
185281
893044
951973
929561
705767
181487
320189
985306
290818
126824
696632
694164
556428
609715
278435
881755
181046
845729
562640
249805
391793
312400
244293
53560
543582
290939
722729
227082
795205
119501
814823
818943
602189
933182
470659
549076
582799
821278
528343
605916
412771
984553
482696
167374
582381
399548
929388
663659
288038
65131
990912
862888
48103
783276
914144
234913
171411
82279
197748
459036
523595
560149
237139
268829
68175
962237
449006
773245
429763
626369
743064
2579
627015
546932
115064
911345
805079
19848
90231
317539
297619
636454
201265
213470
884802
948601
668694
87060
287764
150798
586263
240211
784881
63639
964490
342723
405576
280443
17770
139964
515963
532529
114174
841868
982519
216482
844262
444246
860261
241051
539425
318191
505997
677580
830871
510407
628273
456641
886862
755958
433840
646265
266692
118322
638811
294927
593523
317633
202848
299757
440850
365947
88895
18210
566654
863619
786
668470
892518
350951
23595
424925
80764
11711
472059
468026
750760
890105
710211
996576
970364
831401
782023
292770
588390
102266
785002
654737
695617
323585
440016
713782
387591
195102
612685
114125
111190
193646
541122
252613
355447
70755
161506
663131
158481
306149
287243
643655
183842
75705
573453
534530
743959
709810
51863
293954
775697
705718
135126
812204
619055
193694
254308
151607
455422
923908
230189
142374
895632
706093
947732
222307
896943
349355
984019
417463
283803
385611
720699
865794
301112
342055
371669
193954
521621
42065
383877
873724
803415
145959
697556
20953
45859
673601
505661
305423
755826
213659
450636
351549
760049
130688
341683
236943
187166
11826
90725
580246
423824
678170
364983
867273
825635
640944
527540
767005
748057
72031
790039
214477
430598
254373
155027
690175
357827
745248
851031
445983
904322
500750
19462
936427
703672
892484
705514
469720
596946
303322
143813
869727
580961
412872
897226
418478
961211
213919
729330
589613
450262
572701
645048
489719
749803
709675
442788
815210
945933
258371
848516
965978
138184
171321
861791
763644
349865
473981
293216
49782
718853
772902
46419
986274
739820
223758
125780
717970
867342
170312
449202
334976
45984
498700
431481
407823
613292
889206
710395
988300
686687
765696
122329
54281
482984
203281
522077
621424
499427
110879
28563
697404
879958
688724
726450
888026
475054
216182
885194
909240
745957
238566
729564
131359
281145
535720
905324
231512
468255
651073
112719
788339
435849
881140
339290
891110
327647
630877
349294
4259
497583
35501
121133
368819
456562
640455
356968
769427
43625
915891
232710
490478
33985
459566
866688
516886
667625
818781
178505
991435
435072
901260
493031
564341
704010
711240
844608
198008
787770
669337
83793
575979
279151
265393
792935
773381
518610
630105
625192
581748
495129
843437
617145
468723
837670
209508
806694
123544
897386
98327
81792
492110
693262
542822
684806
721340
876377
219139
626349
83300
489556
545975
590106
780082
139987
178620
385754
929659
236288
221616
418123
313396
876023
811817
842510
107657
139258
173501
522998
584505
100429
287860
11999
610988
456420
614685
407723
739094
121297
717896
69527
4535
861934
332564
450217
58325
990598
95852
517576
823321
160770
632177
75034
540148
14943
76615
177120
566078
211109
209399
681326
934270
398377
576549
10181
6759
109229
220968
66955
68665
441550
188153
953829
478273
581731
420013
98505
689690
699154
811128
365037
116888
425674
706362
473611
434505
456879
730350
493284
231342
691821
179875
925986
969663
137831
134269
260802
369814
726889
7455
724341
811871
418398
933674
184536
104509
185737
928893
870095
671555
673481
705293
462957
236870
185966
500770
883855
778618
789062
610473
12476
755456
933606
654710
799353
561758
17431
840948
227307
968296
662420
353385
550663
351337
361356
295932
618871
630017
771681
829966
993276
808355
953679
670267
630489
274387
318250
505382
287385
614507
168939
111781
401996
528329
402105
895879
122389
979642
227611
478307
99973
868054
830541
400501
111971
660668
235124
609173
251920
781331
502457
992267
930020
48481
699990
122343
37207
704226
897793
109545
377506
668712
794918
752756
799343
894815
989283
387403
688466
400608
320287
967995
599666
576957
84492
921567
434017
498196
122211
290121
328826
431794
938872
657715
171148
776691
777523
669896
482978
530545
154729
569351
771022
747909
513267
266063
839523
647947
218097
930555
178732
855018
87893
84451
912454
96829
654167
9168
38252
247205
100092
667115
290536
484875
467928
467544
610994
304738
951053
401061
763030
221132
946062
521160
127685
877075
536186
718107
257254
597547
216884
604143
996304
955025
683659
946619
15447
561370
161456
372215
834032
977751
829037
259117
262438
694216
750198
701990
416954
23622
540868
175096
619280
838902
768746
832687
742150
205287
953344
610547
426518
824578
906561
503642
307643
200218
532367
924227
151333
348841
709976
95859
648808
723459
411654
438437
723700
369549
120451
686467
404478
210857
584247
62249
513254
815658
442325
897238
338771
805818
97948
397512
15155
358067
866652
604641
782506
963000
179525
30531
756394
437618
843361
648647
285947
292027
493932
183938
785978
808705
154493
594702
559856
544716
841445
927029
144187
809301
674130
454640
112427
741470
16199
715265
890914
701256
517682
882704
222332
376500
667568
138422
195809
408559
724567
237748
33160
593947
667666
746230
432388
627278
921426
803555
396059
715426
825533
474188
837694
992319
44699
905531
456417
215721
286543
55546
624621
967441
529759
569314
392119
83540
95581
315184
631041
217115
253731
596517
565495
692410
728853
299157
477156
926054
284911
310400
250709
966037
192280
502213
120589
635113
465201
791122
881660
119251
625753
544667
468081
513527
987941
710842
509522
495403
167800
882038
675805
181529
458229
868847
94099
296527
271424
597695
434666
965945
32122
101648
193163
930474
926341
966490
408631
312370
410414
980359
257176
8712
826863
802341
555558
988712
838759
320391
934588
715074
793601
162434
74026
866578
760501
912646
733901
940460
422803
853632
687905
827128
667718
383649
222196
565370
32164
808296
324605
398900
133767
215080
276025
524719
582111
610575
153899
300899
252707
323269
665012
374251
61668
949865
161956
435213
621051
673047
359818
557935
473839
614566
666055
527076
215611
8930
679328
531843
87141
668394
125408
205614
91824
700538
400481
503197
816919
916388
575851
542767
817310
481520
925839
725219
399019
680856
126605
35583
895086
982562
896124
860818
117124
141783
761820
324210
55607
185700
137454
699144
113840
5741
58021
175407
30225
770195
97234
718291
852358
568138
780169
303091
818469
966963
406130
152105
362067
906722
349906
356403
926
363327
829830
363036
913328
189476
115724
776400
591632
309859
611453
319132
792253
516505
240822
960696
533528
844854
968525
154259
87820
982093
686895
377597
251702
515426
81056
147363
983952
178008
662446
423766
881698
201954
885859
561330
726120
160825
917641
329677
62215
214460
573255
337257
167729
133865
975667
698951
214902
315261
281610
115540
968245
486072
536286
924552
341853
501865
13427
193543
568217
181663
39760
304003
638636
906019
508060
926895
260827
328327
242944
760270
883773
660263
637259
963059
950150
241303
612080
968775
24909
150517
402388
942357
117306
116590
441189
527797
543835
893227
75030
238414
644422
565626
286991
163058
394424
810746
702726
629067
513397
686414
35139
271409
653248
757458
398985
382265
657824
981410
249888
718994
25450
404315
809857
135743
757242
723191
580631
403658
91483
752294
868366
551264
535730
296232
997523
653591
615715
154624
446126
106129
384522
833564
768769
300478
274967
108191
849117
757269
658338
238996
549299
221318
769848
720488
83996
971354
73208
191571
731402
949787
762951
190275
983661
457002
933896
354130
223085
145550
881948
118680
583538
6736
268107
825579
936425
937773
394464
84814
836758
402678
211726
821851
364505
835596
85837
105063
590091
983566
856504
764395
466203
303079
205920
516393
105596
836227
934753
732284
54923
721284
11509
909877
191293
259982
814839
372174
651230
65040
80561
292445
403058
291860
327023
655223
115965
833503
322421
769213
639395
27194
78582
585017
54748
739499
479000
760076
456646
830822
188388
572057
209829
973410
778771
810967
744606
84396
736039
534575
754533
103542
245081
540260
868337
969114
889950
204891
726497
944665
174079
134288
194620
711079
977094
16391
476673
888107
717095
848133
314510
739323
493790
627732
159402
803694
175017
238953
489225
934540
409635
475871
281235
634647
98939
736257
577228
657016
609594
670051
66722
27233
717850
94743
391699
443107
267847
536865
353745
266847
271449
89737
76302
742290
962414
804541
650389
684818
70472
83657
159318
79389
724131
130554
331358
484031
158784
748610
129823
689331
360124
650412
619275
5083
979405
560599
210414
740130
451972
551707
883374
239106
934585
775114
302733
212525
289764
829689
868772
196675
845858
655250
325954
464606
672475
349219
430998
104827
493070
371246
866537
158597
114447
484704
710616
524132
521804
3316
37703
543297
37850
428482
700374
568780
679848
18699
940228
417909
991899
623591
969302
192068
154965
329725
80416
609133
88739
244915
692030
934883
290713
797685
390116
860347
464838
299408
170845
274408
630247
825608
628140
523891
155818
607477
863509
400205
824309
382430
951594
496873
225476
812859
486700
611843
96707
652019
700409
727233
671541
688229
435855
366924
950262
326843
602358
248411
282319
393488
905858
191596
99575
999067
538729
604412
982003
795968
268072
130515
83960
439362
195046
794502
71605
29896
86597
982713
860754
384372
911532
242615
201508
652594
883533
598728
261272
957445
33832
822480
647812
9603
345690
241809
387044
371931
657304
188696
128430
778584
628791
208564
744275
632007
704485
784961
791931
494441
61691
65632
840741
224391
310225
293787
537130
77792
537633
971552
615789
557761
665075
420412
924060
895971
720870
814022
335045
629479
411712
83661
699081
233887
470648
653607
462302
105510
238087
947577
987274
862879
451602
811757
851164
261617
637276
379357
75336
775221
766427
217498
795526
541067
605829
73865
499359
597842
800080
519348
689184
500069
500221
61792
699695
445437
756733
525684
582503
849603
664237
717242
237882
371069
813910
499811
71095
38133
96794
483207
134149
119152
318041
194125
851607
287608
862436
20368
763307
687487
538918
792494
606202
880430
956639
589894
845920
213787
575712
771941
502195
85200
155711
93509
616374
841783
126010
40485
965056
686689
898209
798372
688095
81857
370905
315864
928170
956930
959435
288426
983493
654405
812860
900180
465853
313898
935633
241628
904526
526066
235687
818585
456109
97383
838578
85867
466590
821230
209075
898396
125587
591887
288129
657215
559435
881788
620599
894116
170923
365631
784423
324737
183679
210060
286130
602344
134846
228285
364301
865437
583080
303784
285736
165588
275686
722712
862922
184662
76129
195032
347974
868662
696515
998644
78948
690174
697687
603623
408115
245434
796273
827374
966799
704056
490255
51472
756905
408471
130574
609530
508983
487972
56078
357224
217721
477141
905220
805565
380297
864867
491443
503563
832118
670133
810252
229463
827174
70870
743462
214609
696211
340070
530310
921760
656289
611283
899579
38793
513413
677994
322693
870339
997822
153859
223714
306147
996683
145994
276452
195461
273540
436407
353351
122556
812444
971531
419577
326846
384355
58461
544362
873543
297420
742353
138849
138290
891053
74365
925141
51240
996875
283312
724823
116577
997122
207971
486145
252846
932583
955409
26894
538003
491431
880844
369845
382139
842476
760688
990002
239011
734311
79083
365662
256716
868931
871843
657104
675256
566217
37525
243029
11532
681058
117244
610070
966160
568445
114868
72915
410591
804088
845745
978259
975468
152052
701771
334552
771734
546063
438368
744212
325870
295203
732769
348475
980249
737666
266284
473468
599545
234697
357656
892991
208130
975017
432181
124567
871211
327655
775244
314148
616683
538488
108345
662908
381311
340523
595593
251933
429649
40148
734865
43568
183677
992426
951671
233011
308555
844768
202648
731221
779024
638812
395083
975401
510598
212304
619649
261898
186905
314725
550984
970312
10026
342205
967844
991781
356280
898933
272930
240369
52822
413418
714110
108349
671430
36094
385622
485311
943665
224029
813390
696107
491205
858161
278142
677354
103209
157626
374883
414296
525264
187612
723240
979682
815563
930563
382202
868574
287319
240243
605709
489200
144304
461108
567704
704718
128269
878969
228931
515776
26148
826628
470517
509368
537086
795355
411777
77250
638603
330165
167077
311666
483159
151042
829289
456156
869283
638068
740041
262948
254419
802757
614849
49173
20296
61820
478464
771113
305163
997117
536745
237427
768556
110519
640336
168147
15876
946659
524205
148306
269322
898540
175338
742434
585075
498010
351503
142724
527445
395674
543713
554326
801425
987711
460473
716798
54607
626447
344379
69669
748730
860333
949907
246256
687255
288385
987316
26894
207871
638866
60709
135604
403317
857623
416269
777517
815935
687895
719499
300454
8937
567456
814201
882426
380665
745772
47392
599172
119904
815039
515762
1783
372622
298152
740128
730100
397337
787680
931496
659191
931573
735066
991937
42133
916736
574566
954788
834570
176353
647421
453538
496898
884965
914710
126071
601825
471737
171039
399090
781186
865489
90776
341695
605110
474750
91031
598551
877455
179481
130423
734164
704835
93075
190452
411721
675436
686603
332068
549441
675822
832666
78463
970079
230194
439006
977272
702847
501743
899841
618110
923094
662735
431176
452809
89881
976923
342655
506784
969846
52875
207431
589287
848481
512805
680262
788283
952313
100848
968180
55454
285716
634776
142105
365195
198045
865031
127409
873716
139924
396140
43343
939116
182098
597443
624089
690448
831324
720967
835031
65536
590777
5553
267992
519386
631246
957028
952081
34986
136578
881453
705821
721124
14046
324500
838470
161202
931528
810987
342298
244650
195530
435984
814896
123631
390137
554058
577790
720563
377784
106410
810033
828653
391223
615149
803670
469110
710672
832528
688286
859698
981116
56953
342633
691164
419820
874835
839593
178002
541910
451638
256381
152694
888768
591240
582146
362467
111647
744151
810608
179268
460082
708261
97844
292620
110213
203937
352122
278559
717429
940917
950955
538511
790271
566396
65040
301121
12337
609798
350538
958467
836381
360622
946116
874881
474593
365256
747205
539283
313233
346609
336716
815238
770945
879050
808882
636711
765370
254280
110000
380263
248601
707855
431467
557207
655767
314205
661618
633036
493514
352966
364660
88155
240346
297175
166660
918373
738503
90944
651366
554518
757043
131578
51002
664298
529412
674267
834189
283051
534538
750872
723618
485000
534970
767378
168823
252170
997755
295770
729999
526495
461418
329592
745230
37776
749020
189778
430308
551833
391104
133291
864026
662519
181838
165850
385700
657447
868825
742266
217888
856061
636579
445927
860935
118601
472843
253120
861814
503308
804765
192516
747154
214707
691333
572971
206106
515874
152266
489786
565819
139539
432533
109260
718374
766203
572480
550458
736225
460382
795739
565196
267398
81238
504737
114605
382301
919316
994856
75168
295188
4656
903646
757545
880593
932405
101614
648191
729774
182257
567002
148163
145801
535424
384470
336666
712746
213203
33697
127399
545431
625736
122443
205044
87710
358025
569539
452119
196060
8277
631794
890117
629129
623674
287896
675301
536591
207502
891434
132147
698129
894453
763879
909646
933022
440200
143119
219473
916601
255797
720568
404572
832059
110974
517345
779343
789853
255355
413980
108431
502254
642930
71502
646816
855651
553572
585640
550486
582083
32280
353973
720667
65922
280774
785676
933369
845640
864319
993357
941195
381314
215642
312861
641366
330915
236468
395725
653288
637050
294701
710395
437521
882837
612623
253302
775878
89126
256757
317288
991520
88542
112557
954701
373084
223966
840898
593217
18407
998143
420702
346904
334648
606581
757963
987020
854420
996745
130134
997973
377725
773394
764728
79010
764090
884539
622300
854109
8145
634652
687666
320767
822573
991567
301401
134760
795709
853333
983227
497489
38370
859472
41300
861647
630591
4725
286976
260905
770736
970958
462895
914300
746415
564359
721597
398055
304628
965486
653461
837270
708697
941259
301678
656281
706937
251602
131160
43827
639199
390938
637449
858783
10941
432576
750840
142175
638885
723861
490065
917781
964881
634387
94927
547524
976205
135101
99961
461463
79194
159018
29586
692229
806923
540384
636073
712580
139726
648199
372067
198957
161114
490827
239470
994063
797208
15996
111601
127673
987016
22382
468367
898020
943309
799295
74211
509976
296926
728543
91818
167557
105433
782432
505005
906655
980283
448529
376904
990018
852551
180932
800628
147204
203469
150297
141720
139903
363017
908582
866522
885423
850605
664907
134304
145253
879165
347617
54565
526892
538254
368828
323890
292870
70232
526311
499622
943716
363281
210803
361221
157495
265482
603308
961365
480529
953637
249106
638508
610017
738530
183464
442611
651675
757158
8547
849045
194021
95960
924140
433214
587308
978685
905207
369759
260200
648842
702297
900846
700528
712369
360280
782735
515681
293739
702569
174825
35449
369165
661175
76353
495139
272029
255500
511127
126432
690717
708115
927458
729912
330469
830531
620203
702910
701082
424329
371749
576473
110735
512359
808239
344780
930577
533506
703976
72095
690501
448865
820342
986909
697455
122855
99650
806345
695465
736989
966545
984383
230082
254851
578551
615388
744743
154880
395758
93674
602621
154662
696642
112180
167008
226785
517250
525677
49826
489555
860051
733338
131735
707856
339417
227325
940232
203118
348361
345656
625913
938546
745094
236304
557385
881150
333644
978523
178481
659502
538175
55338
513488
263207
398732
770417
187363
406627
599351
141973
693573
318249
871146
173491
248792
340068
529213
542317
786357
972770
423825
631798
447626
405894
599559
591309
235138
779511
477372
853928
543543
354311
724069
536418
973295
302151
78976
741946
176485
976029
300150
781103
204231
688581
536943
985880
983329
157728
538819
556457
297724
125795
957616
822016
511145
411203
346291
769760
908467
472750
387591
819146
134592
930657
415256
861651
3881
469320
80744
293262
839699
794696
716494
547460
803973
44771
236934
769554
758615
998323
715139
879679
461921
361518
258207
888556
72985
804261
361476
272935
385091
128143
864172
453331
79511
424519
988542
416030
371592
739733
791915
654476
581912
728901
297975
370432
74170
405388
307061
211809
145422
502958
2074
482090
24173
497439
831679
51708
746371
106821
726888
975332
383455
470871
229214
546352
929279
332994
339392
358375
346645
912839
861415
225727
688781
308418
179722
456983
385226
950564
385315
406229
919847
602654
114407
238175
248610
962959
165666
616704
214820
2743
338663
915096
656438
487841
884649
78194
197559
575517
476923
449225
818430
650442
244017
956978
628991
500739
664969
570010
490951
689387
930229
50511
504568
951787
50842
488652
139808
921853
340031
478498
993158
482021
140747
900680
706577
624427
617893
666960
155168
860779
430852
476896
613583
387091
109422
821313
78028
11085
738646
808092
20305
265872
477939
972455
390166
241389
466663
175485
900872
707798
183601
76596
459297
437306
582450
667020
903289
884170
782511
3570
26877
164600
744757
897539
768438
60693
824590
112186
534025
549992
952780
913592
950334
954640
288730
217946
856821
645655
847953
95470
943151
127203
178902
902488
446253
171319
252704
720910
64318
451400
676974
60559
910675
469417
697772
872376
972750
960087
718133
164914
706409
57810
991272
652116
11511
505284
462764
630380
829723
449344
577956
603137
454491
963752
807034
791103
713901
599862
154362
386075
505474
250025
366864
437440
411433
826237
925253
851527
781173
622789
123068
568945
853768
14892
752864
689780
924264
243196
233108
92769
219336
604416
489334
325454
673451
122873
822317
660159
213241
649527
241089
601935
315156
413069
853819
901406
381234
530199
805044
47935
366987
213051
283965
575567
947256
715903
473201
829134
828257
434655
262050
94208
204291
142672
585154
892301
642472
197261
206918
395404
72274
415416
785883
591664
229102
76743
581947
569867
194787
496183
670273
452739
699586
963373
610970
948318
676594
961417
614975
901010
891077
907213
993151
291092
779496
215893
339654
347634
883432
664718
54674
489410
456134
190701
251327
821558
566966
813818
390879
663287
410039
43337
977421
854244
563819
231927
460882
496012
879996
933663
726328
350561
972699
974461
701953
490136
371631
35913
803461
593964
523552
930562
314880
806915
912927
505945
851547
733032
362863
978491
271894
371024
730206
647477
930324
188362
771928
395408
87993
167895
837876
909178
395836
836141
613800
679465
980224
69715
647346
806936
507037
455399
500953
117377
401163
21555
760162
322023
900704
948318
944092
368767
576100
201230
712053
780734
344914
314625
90847
863137
91497
512849
887938
257198
469438
471321
133627
341349
886467
133254
40769
109572
88895
886629
190349
990720
656379
397948
599879
468396
512183
195829
323811
383271
459984
228918
284161
687467
468856
967048
699802
113143
901727
58560
429338
319147
856435
120709
15990
169895
998510
800471
779190
862161
125829
298981
768776
353386
178122
256540
36706
148035
565633
492598
567894
226448
466322
774886
260727
420316
727796
560080
903384
41511
369825
295406
896449
489636
412462
435991
932326
143557
204685
687271
935177
657570
51775
940448
470102
953086
649290
934047
403185
911223
665113
67760
231318
195216
663584
837139
922274
634603
67138
58409
675459
644373
673644
948045
551408
372868
40265
664343
958719
304313
356746
734873
28063
225396
384126
210498
563681
791326
898022
456050
648021
182439
994629
146635
515517
429407
449705
650368
485676
668698
647775
676374
323766
698731
866807
444010
103039
636711
283584
442643
392023
74125
939833
882551
299305
824746
316097
810881
704861
360518
855216
283622
826513
619353
185269
831822
548080
61205
163290
670330
315612
256236
282816
709107
407689
695043
84476
129910
80172
164577
469782
857816
419928
590509
924149
155866
675344
16738
898782
554758
215923
371683
378042
335818
502732
186207
664814
547583
379087
299789
844296
718066
751306
847222
352682
662613
983494
880768
569809
980634
191495
448160
905846
391965
777853
906611
470492
850699
833036
601349
139237
299864
227021
970879
598631
167025
850703
832329
158086
364178
906225
609880
391474
334019
340795
441391
583015
676654
818240
710350
602991
373882
464497
737809
308966
912275
402646
769840
397643
484791
924874
717875
619261
343107
346713
821421
395789
761683
374370
562910
874720
549357
981845
146990
508296
983442
565162
22789
182360
976190
327474
919271
219201
376953
473240
980785
7870
781013
134794
27626
481698
135484
480906
860568
803201
849368
981186
98150
347958
620439
857622
688563
862935
621353
631656
237805
502170
62706
151382
824952
985788
923721
496390
929437
758462
309681
980309
244634
582229
813861
614802
614330
10342
646827
628727
291167
545658
984055
508195
433668
397481
343189
763897
885350
560021
71966
35178
97194
686640
352602
890140
304350
215555
639573
836685
322005
904501
59103
527937
364547
963300
241719
21419
688444
55258
707729
412682
652304
338321
780052
664414
662285
416546
878138
91976
734611
375059
226551
645331
733475
319638
836980
856145
205500
382605
795820
568131
764088
192757
682067
631682
455416
996491
66925
641999
98429
252126
847129
764178
971676
989723
193042
856999
647308
704257
705920
583968
176678
338176
644060
740062
388994
913717
406828
358612
355448
236160
263999
438299
397333
994307
411739
889434
80755
902116
495211
359672
917432
216956
41965
122977
32384
294210
116300
530802
8467
212106
720641
325643
911222
114553
174107
238380
336815
573917
235660
69446
92653
843247
742532
895650
836143
613974
828720
709319
37781
737986
344054
128239
444435
79151
750135
118246
459456
869847
777526
996773
684065
154998
917361
775689
764973
981066
248709
771937
682412
849750
835085
380645
405095
782910
704952
552707
700870
181114
469413
304477
463255
539890
537213
136612
641493
183288
773855
496101
312590
262125
195910
716694
92104
74321
198887
669143
314126
676127
337721
451831
72353
566294
8172
753583
300529
826880
971897
47849
496606
521814
804674
516383
133178
3829
41952
654654
279502
325792
252309
63564
110482
702333
541458
220532
58492
893056
132424
925276
826892
425627
650034
627451
287228
19130
532363
913997
781206
952884
396480
671104
2420
769358
548909
134227
789023
771975
699452
231889
652249
589520
250015
665030
405147
588065
348299
818501
5323
588179
199593
715427
162967
720208
800520
31049
246748
470657
529573
19254
421123
259761
567490
806449
798927
694923
153274
930419
17527
853779
737836
123151
621042
264771
557596
756504
325310
870887
542509
691561
988477
116196
358239
209798
999422
503427
577941
222846
923210
263608
88377
677927
222450
802881
65548
929194
649942
419280
291743
886355
169767
726059
961380
971276
345458
68711
97871
3309
744671
509160
478576
809389
651708
8693
467862
285161
821782
884187
226820
409979
959580
750724
9957
967997
191675
44219
941861
646258
378186
425178
123982
696387
580591
884024
531227
404633
355358
586677
630400
620749
578782
777485
139591
262821
386440
273947
101164
348745
661618
363575
175752
357550
859016
814750
706947
871128
969018
747771
73011
488411
278915
575029
720016
395015
197641
879757
89299
329352
2392
305914
46727
985362
324593
257630
193198
401024
751830
564212
209506
470461
66806
778152
274815
338335
356678
848916
879698
556449
403112
614336
681915
866787
475063
612889
987352
126504
630986
213644
576916
771977
139176
257741
453212
88379
65175
468512
73366
390782
68400
44656
507954
693781
594895
832530
865628
667659
649407
62907
186652
787176
596837
416789
86525
382572
861191
571024
338266
35214
906836
733950
290636
465596
940042
296503
766087
706317
856287
762168
547663
200220
306324
112369
785215
715904
993265
245487
378274
680171
274393
111102
155510
103625
86862
131817
88299
832348
208728
182458
853221
394664
371709
657692
118823
764688
774215
431136
362665
37137
795042
846657
841880
844837
216013
149930
995479
754144
698660
266543
983219
201203
115646
198154
250582
494516
469446
301018
356956
563865
441237
23517
146832
678066
719748
336364
726365
607290
806095
47391
777995
234503
600547
323986
998765
315827
54765
222234
46088
85454
387402
733598
9510
483721
245557
796480
149924
264529
963763
685613
768919
853218
54305
643932
697865
865732
920809
88630
739534
114322
939271
84242
869501
928516
409011
320538
86150
98547
461115
313423
130405
111061
950619
208343
955249
26791
503691
36082
355741
832012
105144
337210
425030
687511
954834
27001
408422
199900
617333
76453
88181
307376
802026
604564
193680
391281
44215
143404
383142
160366
772180
1778
914991
913112
762127
584112
536570
147089
777292
63245
22378
855663
241595
76312
151316
74924
11471
424884
676564
762826
308159
339307
268253
861805
298807
233621
798154
193672
29321
34821
961434
464585
470466
815430
966143
761097
31517
736093
854743
274068
758782
176565
276014
276889
22815
982315
309619
137233
821967
927319
691634
356272
485783
991991
937603
236192
347079
749613
435582
254303
390076
925917
729137
176984
946271
644288
651855
202943
912967
169815
293306
245520
474492
484191
17666
589480
146943
461354
186050
116980
484768
716804
765640
510473
883850
967949
28804
490080
92909
262078
795801
92802
84815
775750
824366
645616
699450
964222
153493
71346
929697
607752
636426
873333
514939
313397
832797
797753
538482
866132
883658
265804
696134
623111
89768
505510
420907
104478
139574
444121
487982
826766
435541
852668
947111
856163
413180
667698
11352
854501
377781
492567
420615
598031
882868
809299
175073
800218
474521
740226
850719
930946
696779
238564
743140
261183
925919
935494
164763
154804
722860
240743
869633
924156
110769
725596
347190
983420
481752
116631
70647
333654
878234
808650
514386
371415
169788
664653
49437
819637
368347
321227
112737
469987
123696
984852
286336
900676
27784
217876
631938
407915
191756
433484
514811
120200
879617
92843
179275
459790
44362
705171
23257
280918
594671
862754
114333
21792
313908
351016
675129
688515
862273
837973
637460
483391
37406
137492
171303
665669
129730
243625
562049
274391
420775
472799
58296
153681
105210
760344
483793
424587
908958
187112
87002
863074
547352
188796
35303
607853
318344
89866
288779
570914
933320
260592
115339
933995
789375
371979
112329
882336
926066
880546
905498
149410
967207
161425
759791
649319
952161
971703
295469
989278
59668
989968
854181
761854
411040
805917
76990
264311
324791
973204
541302
103426
409359
171287
55032
503870
635098
806521
264058
267327
953368
389426
201139
725342
257464
58805
459901
916381
880510
778706
692291
257985
461180
912657
971949
291410
781316
222717
161554
402491
604903
255012
545642
748452
671788
177097
650300
257705
938606
399907
442271
143061
470204
643976
188671
289450
774750
362870
657732
627994
580304
325282
606818
615603
405331
121120
822247
317312
118172
309646
641005
83976
36803
634265
944602
100175
279668
251990
829161
687034
278550
401097
869762
32313
24706
361922
954661
587675
422420
380493
325125
446941
688870
618837
256290
388486
68752
323239
623484
365277
538149
477549
869679
863308
665925
826028
374320
221550
756678
306
325223
317086
29097
4848
858613
896106
262331
290174
52029
619187
878257
309896
124565
195569
798568
437125
906613
816574
600044
990223
910783
499236
883582
86313
335105
538202
696313
341843
934431
591943
920525
329210
24683
251256
434131
980101
877764
694190
740048
465009
848296
187757
27999
363948
590981
406899
670398
701
701719
300820
341915
392603
397812
167383
591758
617023
117171
303183
294601
639375
713310
265889
523103
994744
255119
137528
19114
450139
62322
901222
963287
961671
555583
860486
773850
850210
8199
55104
847436
156635
757407
238453
367445
623792
482407
749007
22188
798465
387888
674976
496215
330309
997080
581404
953192
268046
611682
604576
338198
808807
66812
594495
223592
581522
900396
312904
532162
246144
68929
555262
401485
653772
292139
888108
19560
359688
306152
793475
888340
310176
753209
632830
839028
193919
765622
882444
324492
587982
357624
841844
247999
777077
613841
471727
305323
84435
361942
141772
693353
512469
953363
768309
733234
33371
305835
893033
728653
169159
133479
237939
276770
205094
725872
77110
34153
145513
113581
145881
202325
505787
382378
234603
242680
440713
392074
563945
880087
738378
417355
431891
62718
916223
147336
121625
118942
60839
320977
956675
292555
568258
23860
125526
802326
254541
583733
912905
910214
11480
171377
818658
866031
539549
775697
9337
507680
752810
719191
890035
697825
853949
512896
513735
54256
218929
488313
295109
347504
717937
507444
582219
210014
17922
876373
995136
517968
145790
629407
161865
280067
563149
2486
527259
382632
313272
632389
21205
638812
904876
774810
926443
130329
924157
468753
154086
114197
115447
483514
968403
901913
378477
367909
490436
297632
830991
739575
20914
795040
168012
616758
897047
943155
587360
319948
21215
219447
187506
301312
92228
774036
549668
742745
513241
500803
99394
899417
749611
964921
233787
893524
817511
300585
329742
581405
153691
388130
13115
629145
913778
297143
538507
298892
621339
684633
32779
900151
874809
557600
116081
937979
654333
652469
538944
87937
987891
227373
840588
494324
144936
409945
468334
138820
332705
443022
661520
901848
651522
24817
849016
758961
446629
152354
291041
1811
301311
330169
381589
586421
245007
398743
146678
933716
346016
698762
881156
746152
683334
70211
535049
310521
417385
178876
625056
245898
453575
124894
708081
659955
621820
333777
162622
685711
86529
774498
599141
554775
958391
75797
143509
10705
29143
947732
770938
72400
330703
508974
954618
307956
620329
597430
278911
183038
495562
914754
201546
121816
657995
723563
304049
913234
247415
293018
87707
102889
661419
316779
96301
30451
228318
978207
414701
436219
836802
878370
6583
630193
445958
783965
692382
474294
18723
1461
494954
535724
699073
388506
1679
264435
318187
299549
51029
708322
836381
676155
941603
600093
745786
608818
842791
350187
47651
457553
275908
102403
61666
359116
711446
457811
479137
710440
879609
780884
190208
83163
922878
991195
603174
884961
86424
243163
923036
104623
139338
749206
224964
901265
88655
108648
34211
836270
29230
710869
577380
746068
265537
420566
550726
306282
282212
593099
633596
57238
918299
585362
171143
731533
126347
531641
717178
607031
609508
574421
657732
505795
919692
655346
217250
761406
212546
835100
951693
185171
851664
401639
810609
202131
181361
677064
870031
561900
526489
122616
524525
666700
58120
470535
531826
206423
505910
538230
785425
856435
642249
274224
368940
389547
742717
26616
460474
796955
601072
490933
974150
871603
485536
385401
360406
117620
814538
95921
432484
510332
826063
15850
851621
678893
859053
166208
575017
831261
914722
319756
984122
111116
947174
953789
338688
155963
686219
855542
748419
905559
930903
185479
290659
830659
17558
807364
106452
11162
517661
525183
54060
407692
597421
787689
189218
223962
537445
816717
599637
860889
459701
803849
486291
908839
49846
58042
573667
962070
893
127427
772528
718649
683436
186573
697008
197773
940868
655231
144011
634195
661326
965601
323773
427438
441494
772557
517150
416943
838748
775639
291981
364160
698827
610485
743726
912291
196709
639893
443564
943586
435765
533052
944422
367701
922642
223848
501045
882690
902834
599143
974847
151821
771164
981953
911556
642904
379652
377863
276347
543069
781027
858542
929622
178831
189925
531343
413493
669554
2450
164564
962431
521109
786563
433938
215639
447150
24068
365403
34382
997688
608233
154032
202733
886599
638348
747617
19342
5927
632885
151366
788420
835234
971798
478507
933655
782733
784365
429801
819097
779192
842072
821758
191087
657436
350537
789581
596579
461454
526585
662896
635082
439080
546101
251542
374621
492387
916315
79732
644783
135649
299228
594724
25696
352914
99807
125812
636167
152418
990981
184109
322710
282492
827956
949078
446302
287870
417892
200961
500971
474123
550736
190907
54933
619790
102329
511056
756292
277196
105167
234082
232615
366712
342883
435674
957505
443381
205770
21097
921470
333352
112449
583429
543906
559440
798242
540216
646559
856118
38008
662105
712727
500975
587212
126475
642474
118921
360098
906139
272664
481435
914270
878736
735603
828009
406102
327379
85265
247835
52852
284891
682104
471648
548381
312932
383431
955601
847767
66179
482651
184884
945087
950387
469398
194526
293708
115918
248913
696899
852979
546032
202481
685241
727553
246756
79633
848290
692741
267589
270677
93117
369956
512607
729498
832455
966790
102765
84189
872167
143189
291378
561213
72065
354332
28970
18214
402615
434425
124999
540795
641639
711864
499507
382562
234508
680654
143945
163850
904239
948091
450178
838355
810628
144402
912980
390965
744061
933289
908165
376481
134034
356851
826545
501917
631454
796124
370158
803590
702024
129889
105266
429218
71814
544820
577750
135382
635649
560475
540286
796635
626050
375977
217488
699673
700386
840945
269539
255073
229362
799921
452675
33554
494936
905858
776693
194125
993790
638240
792597
385039
362412
770426
339656
134249
965650
787703
909551
936777
168824
581514
672867
242618
184949
27549
484589
40335
343796
181814
23178
127550
763211
781068
575805
901037
876798
918457
495376
776613
8817
997925
75256
260632
237795
651156
817047
612870
250950
2425
722284
598100
17018
592783
128124
668952
800668
62417
567351
657226
177658
321987
91512
554998
980051
430950
796352
321679
551556
499663
275232
970496
553539
737792
323876
533583
441588
23626
464463
583740
190522
472573
815814
794274
12443
656707
976998
729850
535518
423900
282033
279952
554438
660257
652795
364321
27722
187579
893479
21938
360190
444760
134958
474739
872443
408660
165640
35693
259088
843108
649188
849393
226391
60039
564771
904081
675795
350052
13202
329292
561890
315741
152117
733261
263005
620071
227398
476497
716575
58706
851871
895015
886654
219565
426769
762874
8385
171263
227956
714041
740102
563948
729866
165839
294393
268470
88802
651956
477664
89568
589902
607538
423158
337324
661035
175435
924607
409954
690696
707118
233135
539098
300027
160916
545761
427310
174346
178221
112029
89556
410936
320806
114933
712384
555409
305974
231921
365566
134607
595276
636406
184596
146300
497800
131954
898458
775272
343484
641642
887566
689785
911688
202193
20516
33376
838583
636193
903784
673956
737988
212904
536829
329407
647414
376157
735274
285739
401246
439229
843052
629802
188671
767780
659212
666077
779249
431811
278036
876433
512129
905261
239508
902858
551211
517839
816379
847923
878793
329199
599457
116490
699778
551832
907089
254286
612241
276686
638992
743494
989893
39589
507801
442520
178275
783851
153329
351659
796485
337804
221834
587441
68942
162601
255544
456615
246099
301708
152513
437297
960584
258356
554980
847916
745192
161556
165754
487966
536383
450354
935301
903873
50340
329202
850242
530602
532069
629208
885145
3271
406999
695668
892829
219746
741890
537247
336481
575207
35089
74427
90488
383370
906327
729536
623826
999459
492218
777678
208848
414298
424899
696174
752072
289761
761335
422593
674035
659844
580422
876074
419894
779031
322978
853102
722684
440284
914649
775345
988671
532212
935461
706517
946233
774708
699364
34170
182488
467580
662188
882796
581925
572411
882708
340475
342027
616261
275507
2159
317221
17126
483656
354492
50833
913327
577630
321713
712844
31377
968285
860500
255056
929966
812409
363983
128636
772277
638318
690550
366858
898034
196550
365779
979808
100366
78672
963657
537474
126996
135037
712478
310693
772721
601349
413986
54578
179757
923687
251954
43990
419204
67727
699842
847255
861077
367168
80439
911042
675018
534452
713618
15035
332870
305057
763654
29472
492838
991999
442954
32974
499943
911711
834626
895403
208454
727866
631704
769278
290377
382317
2186
558960
760859
840368
719875
653727
752492
731794
282079
910264
430945
594896
910447
591029
680795
245081
891124
146949
452149
971486
719331
587239
39050
592529
944612
532893
217258
974418
441025
577148
71040
395838
267351
100796
632314
261704
158110
743175
164738
881052
114067
123384
692224
694564
661777
698738
636551
322126
378703
449346
495741
8673
404778
458887
844084
17216
902744
154764
463251
478105
578333
521585
67264
542588
50558
881858
646420
348866
936054
629088
922796
995268
276026
195824
539066
678877
537437
232239
158464
302121
850008
395561
690089
399304
403223
693683
176103
42087
209343
293972
280781
126409
846802
974694
30544
24398
696687
184894
672398
572585
270737
980791
625264
547183
554110
631658
386426
471643
953268
99911
868843
29960
252958
611601
114108
132831
810682
291151
125252
495855
626961
264909
307806
374864
301318
582618
683099
170662
879297
934763
778821
822610
322378
513177
643406
46686
178639
729234
914559
32284
827182
407201
954741
236890
296312
102237
242510
955255
867590
717664
119576
119887
303947
313893
870879
337223
469627
418542
476381
241388
686971
124538
417241
823197
160793
714055
445690
151428
38915
909136
35333
543986
167712
428892
548516
711744
494915
423408
750779
453990
783395
96618
165399
123472
701934
254541
930521
321648
909163
928159
233007
660320
18709
152123
343841
103445
72120
878000
546970
404565
578996
548729
139970
225044
766956
347393
158441
149594
965459
919237
157215
584456
64260
21689
904329
295039
497903
297826
492525
596617
332058
792272
900055
633198
732118
297872
169044
546301
758037
887570
883530
264748
486371
105261
862568
618538
822133
239517
993922
930419
404571
134388
701502
908538
730245
780119
426967
932409
120514
90079
223853
587788
923326
306635
691238
194854
512065
602594
771532
312697
230626
795505
357031
54642
64441
503708
417160
930966
396245
892982
184779
143155
43949
569401
700780
673613
901794
663564
892411
307915
869871
873125
787230
198697
578149
247204
601836
530344
885325
971062
25315
8906
570691
768023
217510
296004
875060
297224
690833
5218
602646
89820
574163
499749
421414
675170
956018
486889
264688
125195
813758
123929
299863
237262
484003
36429
599336
255445
230617
79528
254951
774165
793815
964222
952542
40814
681417
288822
392618
2335
459765
409736
654377
733041
975224
430819
599784
850350
190892
947590
990448
819101
536695
725401
497109
199421
333061
71130
120733
630622
426000
911645
670467
727713
556061
111679
735765
682238
35082
765594
874328
342098
625253
140269
899901
975896
455576
164819
916768
330031
101965
43261
660910
203171
880354
660335
630732
13224
141990
33035
260287
546774
255817
236367
660538
436436
840985
72315
381794
709112
771098
728559
6553
401330
417779
609314
630964
318567
403999
379820
110884
865273
546769
365687
259362
672297
422753
203577
853666
235120
461734
84614
307732
992062
331619
956021
754668
432320
49448
558015
650945
136615
200180
460032
373789
298442
450283
447075
893435
61353
772929
955307
154964
430619
382966
991589
736164
361191
76738
403347
784467
934733
120888
758680
121029
473623
176752
56547
754027
809112
658352
152696
301294
163812
154087
374833
705886
358691
457132
589839
490684
132035
842862
448168
279732
821438
107511
554798
20506
918896
847781
445525
597456
828141
733036
684087
342326
64746
5203
596442
913586
561896
379177
936973
623512
250659
78716
966046
744358
503462
942927
491572
777175
484340
917730
146501
787065
52107
185301
616903
853109
601208
473794
122643
247346
574273
962355
28235
495449
893374
498375
664084
565720
991623
668320
982740
731888
371964
926778
543666
168463
646856
814882
903094
700679
993000
72592
825506
214889
879731
967712
786810
683155
826338
284923
25232
155880
272969
156016
598055
927612
239645
782275
444583
68597
642701
529896
956562
275285
943210
797382
833629
49674
739481
180051
361510
921504
134791
591301
765800
639837
956697
922388
883452
648710
63998
978929
151164
295304
311984
410547
808890
603506
755541
394633
175364
73999
86098
301715
921140
232115
158169
831978
655912
993089
232443
431128
5818
422252
827553
956396
271068
789756
31391
526794
67332
501959
50807
262287
852393
4941
29934
425265
6171
338046
639192
428735
813177
858799
426954
335263
827826
777906
77976
296658
355834
391941
318744
921747
886011
949244
632460
167076
684548
557586
274962
662238
441920
775028
300147
790311
341416
807272
654268
159663
881346
171479
597351
850484
705187
812841
410900
467400
619639
968760
45601
82226
609996
732763
380547
826044
759664
726075
802310
593525
630564
233041
635308
865183
247566
659331
515520
947778
464373
950713
171706
929628
480316
682768
485961
299748
778235
111467
759511
762137
54245
896803
403631
968109
180245
544133
680909
84353
601540
891800
829557
705520
991641
332997
301753
854324
949197
605879
808896
824132
552043
961889
114628
377990
107780
346518
803296
653460
721925
436743
404448
877218
666562
838857
866967
129668
49955
565641
794900
963564
255836
191704
391599
879160
13804
324344
698442
210644
64999
251140
835077
850253
486292
178604
506153
493598
942010
654078
155998
886992
788309
304337
807005
395516
618621
940727
855596
216163
633804
366531
811110
908892
878839
968148
705133
841876
632026
494247
985884
529564
907526
963508
522579
586531
265669
514307
960378
680890
746520
304630
624211
306919
594799
982562
92991
741832
393174
439267
503575
65011
727068
277298
425582
474294
748796
517078
219614
259080
658234
880429
204609
582659
396973
33163
434460
648076
403809
323083
574016
850157
553338
229393
287898
991686
278109
177473
377994
980194
464610
100740
277061
518897
321964
686045
424060
131679
459427
790749
509283
438753
948579
458471
315809
259984
795520
902160
809226
708201
137232
186436
519894
621924
74648
668375
463319
459812
187222
661451
867341
438978
744553
915722
821822
627911
768782
27915
641435
171984
686774
815492
219281
208133
245608
668938
416649
56834
560160
869121
624835
278103
364937
583970
50695
388037
370700
63308
235491
784442
264279
747749
997853
987132
413723
256476
979596
692206
630677
990348
782693
724502
637574
247223
307420
292475
90764
670898
754835
961677
751800
658321
701868
200368
591601
549458
803103
181528
802737
642659
304225
481348
504768
429159
262137
8992
720938
334137
19886
47664
213679
338352
547945
39058
383233
172355
406609
329831
682393
16978
196982
727676
852858
634551
299424
952034
394632
999746
43138
57785
413834
243575
288425
183905
95502
768720
768072
960378
313147
348200
339304
623161
407302
373746
443824
425975
705859
776377
838722
140176
32284
780003
875419
764481
650503
633604
571728
111933
314563
735756
692151
418272
173733
682909
952650
699845
349480
874267
940882
609774
429320
477026
649024
792232
130180
589556
928541
901491
880697
899575
83211
16554
971982
825720
126469
448287
306281
500284
332445
198689
539994
216295
701964
430677
353176
715870
666217
739248
399380
493860
307957
456893
107624
861266
351970
616317
265472
899621
278309
310548
739123
626444
611476
70273
368426
195066
966138
457849
22440
645231
347108
536224
293033
768708
445352
892782
26168
360589
801462
78854
834405
635377
434867
757626
949107
454988
947593
994043
245601
362796
610150
515933
750395
380503
327927
723151
60101
436349
93160
658067
536025
175652
427639
893494
826017
243816
275747
217759
894522
321398
146013
173442
723914
814129
804194
179736
751311
940420
106063
293619
218948
720720
408634
635118
783654
547866
401006
133583
291127
36537
270748
718292
560283
430806
5534
783811
930828
991802
740098
80228
251415
77135
850155
835897
749068
624910
742450
429787
132836
844286
272631
134741
613697
13275
980543
239319
523212
129734
148987
509481
802675
689359
997724
113368
561685
596837
346676
489720
830352
668098
589641
605130
315871
903282
170721
505239
863035
71602
713258
651151
172678
708279
97365
9732
120603
990181
390277
708483
929879
321767
986793
596791
496792
878344
89810
695266
158103
13558
470659
285997
473431
573252
171422
904073
999305
295069
431614
412073
316243
817130
602695
818907
424351
727123
44880
73542
149660
475001
408171
54219
318700
726450
833656
33327
641552
944184
221311
519725
410865
219388
710413
295082
401415
287071
171184
832077
52289
679882
964383
802216
140841
821539
117341
621050
876588
401432
918238
602819
661688
524804
576171
985698
954302
639126
507897
446145
176711
731190
38962
655638
193450
123433
624731
277166
649916
433031
76672
749941
520131
762183
123634
215188
763620
712634
886646
327424
963556
655565
310358
353307
572084
261356
573942
185180
841515
522049
961994
409537
864469
769575
963429
808043
526325
898627
451865
615261
139241
124537
157465
749374
75007
183400
528304
644887
531271
783010
127574
573586
740971
528362
934968
636122
769312
722727
17683
685041
202836
991951
553559
486157
190896
760595
893395
761831
28192
102579
767443
672996
294327
756902
169746
115443
702516
349569
210674
227161
520119
587502
363693
536189
428140
2541
307432
559623
672233
984803
830320
156904
874909
7262
908205
210567
876674
252847
153249
590698
780772
817643
867306
311872
126651
853712
278701
737239
627132
747740
73331
760926
705131
53130
509841
617490
668428
133585
267051
496880
783337
796572
963378
345943
562801
393417
735864
661919
33286
897556
493039
749132
564624
906055
204596
370206
437118
766488
700168
646603
748838
403926
624602
134180
663383
901405
499349
696102
796130
756615
688185
469208
219428
654236
753905
801225
638913
983503
549564
698464
677995
27847
684395
755356
798001
243064
434026
112771
280038
790175
305934
149461
407182
688240
867845
667128
185888
605871
722779
516241
994639
438728
324003
262533
234590
527445
666312
472455
676996
35397
953579
778295
147303
464368
452381
712258
930760
26930
909661
303754
91832
799724
133861
489005
537609
450436
752226
312441
799684
418992
636710
582515
808659
605777
767610
329716
150940
195672
572957
883275
787963
848198
396018
559923
172386
293443
726377
603679
106036
880654
825031
663319
62211
59615
514810
526782
386706
410063
671825
978377
632089
191307
522654
739113
345620
951833
83369
879811
618591
563382
831433
901985
324802
3081
151721
674156
124080
648760
265539
681076
646153
42928
106797
489495
403659
375052
427813
12622
724490
118371
187604
977625
105634
918835
929033
620817
411710
352639
578767
242170
816920
287991
658355
965887
445111
288118
691424
561510
557259
543192
31665
704271
254111
543986
486881
184482
551279
630225
136569
915319
530254
888714
60937
504471
279822
584675
296146
208218
700376
451489
459931
390105
240676
813869
958376
314669
206949
487259
554048
8789
877470
723767
62022
990438
780256
76491
773707
596114
424631
949865
588106
125243
119440
758707
589176
220992
372328
767515
764050
307428
995541
908100
305232
455721
672137
742621
695087
157347
46631
857009
596818
317612
428019
687958
922006
871874
11856
398283
698797
458717
233218
816669
340633
746975
334227
961525
883729
480476
528076
277218
320812
167286
987195
663314
122811
299229
811234
223397
150249
438411
943831
984498
904279
150064
315757
994686
21497
7700
294724
259961
283343
353177
101033
938127
72063
300555
56596
993501
952854
249
163275
415501
188160
621745
133074
936559
913998
438573
429740
159055
603745
966687
54151
565656
706693
271018
257740
419152
446037
767096
459095
656838
327737
668080
546859
387571
674371
35410
38259
176501
964088
588696
976154
609460
689356
657191
169506
709379
442551
711361
434377
435125
88493
525883
674624
288571
601826
493505
153631
21152
732224
103366
243822
472954
872574
125900
30952
228895
983541
296341
380177
623570
497013
717309
681381
158941
368689
98467
79365
451219
562816
569197
927014
907571
71589
586707
96675
875963
695210
78023
136890
490759
504870
728131
996143
929233
871424
466402
73427
690304
473074
460492
764055
946183
303963
103239
560406
595219
521668
63568
807015
894140
37482
364041
302311
426205
69025
497636
438408
513330
166332
512037
10390
807788
668773
349246
26417
450368
575285
11796
108142
172011
81249
301407
944272
479317
840262
160649
749505
819491
704538
676863
385426
647327
942652
992405
799060
484353
648403
652189
85937
856195
248972
994428
730932
490547
364210
330429
688126
310862
835114
160582
601787
702372
710576
270440
47993
158334
908671
468590
11068
969915
309510
628815
485097
631024
532327
434083
771581
242383
575527
846498
504981
339818
988449
6211
798779
681484
939988
885828
395304
557650
797820
507110
201103
375977
752808
789834
557028
64008
814249
789322
409939
317567
305828
462278
181844
424143
786941
258885
327983
11322
341518
738753
217453
788564
889360
434294
889523
371848
785464
449541
175225
558094
643617
771535
4364
855473
628895
773682
800628
783441
514044
944385
327637
340783
891536
760770
476823
225914
803581
301501
99382
862310
450777
838875
154449
846001
803364
617053
231027
136875
404627
16759
60592
755935
903355
565448
145126
345058
255816
601598
113709
270219
949995
399182
174093
360418
738500
484696
848967
254917
664976
953694
559508
667896
383185
199989
927196
773310
607167
616395
596219
360214
275492
597768
664907
828300
542250
517431
453381
778318
997169
313121
668635
576145
281091
361696
931921
363606
330030
502748
595297
195573
844578
268361
130314
471228
500644
21113
837244
423085
650330
23162
840681
654365
127741
285928
677453
272127
306613
251089
279751
290108
412935
383460
486602
571439
261633
118799
414040
748220
810698
503246
818982
834878
953881
864624
801275
248604
194958
543859
176568
639220
391273
933085
895661
970128
132773
293454
380912
365910
798759
943803
97169
783704
274110
4976
411887
231171
25759
884251
638266
961486
905493
656632
308912
634688
699562
993291
906744
990221
751423
822611
848685
953122
543924
553332
265343
28670
981747
696672
861263
441643
452310
799055
198740
804068
177380
454640
533079
423908
614298
503794
386550
836002
254229
514071
579689
232117
555222
241273
556787
475445
257081
521414
885385
188480
898183
796157
431385
569825
738343
551737
511245
214910
317528
673004
683685
790586
332286
577005
726299
804038
955720
100053
788287
607304
624223
715450
120229
910139
264986
806629
19754
89765
595878
855388
90428
945504
575490
788728
368911
201173
652870
304350
353141
371549
286082
568152
640777
653758
55602
268726
623163
877678
265955
814769
581518
185479
422737
975838
259684
366101
270097
756615
359810
131934
219238
343438
33140
92835
840541
996613
416110
358605
201007
837858
874764
829095
97466
245560
715289
235900
214180
794423
246313
884563
47470
683930
523631
243502
578600
845891
568978
91073
599162
864428
842464
627415
424980
274046
504544
32238
785267
636830
543854
980573
512330
767830
47674
292389
843596
532398
981700
190997
564423
977664
198049
883831
228910
587582
697142
930821
94899
597543
590485
36968
978461
106062
910332
488811
662095
478931
13389
311515
964160
30506
904006
676246
321747
668442
402494
45758
384177
744746
419710
97781
349408
807319
304765
703778
375321
253552
355427
583556
22239
726405
840623
916974
719217
685969
456969
954472
880200
767705
304550
514676
361523
107236
560026
798393
933938
916122
937704
301135
618047
779715
210668
368204
162463
540679
512635
68751
263668
592733
121365
781279
750417
80989
808323
626696
677853
899820
518586
123597
579096
588039
597889
701320
47197
347912
291273
268800
224335
766424
384539
480924
451124
788809
269511
439068
701796
737613
410951
456712
481256
390315
740292
568395
6505
12880
623200
144303
23583
176483
732982
634631
266684
725320
417535
756846
408373
515013
177801
397570
669031
736011
305739
346421
515890
195878
183954
577492
696059
997007
896252
144981
583122
343919
123276
921649
107177
755741
187826
645670
444246
603274
636204
764277
98667
471839
139804
68662
101522
347673
786191
746218
128380
994762
303452
534796
224751
39145
219262
14068
665811
84854
994342
153006
25008
753976
369707
438337
305857
352178
266856
858795
784865
600374
585312
394705
21258
429236
361087
478460
731312
99930
281836
763903
506463
436935
783100
683424
330774
821667
671797
2411
856527
896326
645293
153870
846314
14693
909345
55883
709001
642656
157027
110858
377453
186721
245772
136595
327303
998571
428348
711362
418921
423139
673420
214630
136935
936154
823482
897281
628801
749562
627802
151102
225862
895169
716572
281076
40358
583373
404784
799412
717279
734956
141056
757419
175179
79094
611629
640562
1844
583184
66961
662366
842099
17424
376235
33445
623654
974558
870580
596997
412130
744963
549817
29974
902926
263200
344938
685563
210398
183466
454987
925559
794686
90921
912805
765250
654606
720244
313180
451366
323697
496340
242617
420268
324688
620682
729379
481878
72597
938147
678136
873709
289556
638153
874798
821799
386391
509450
655459
451154
800669
244313
375685
394665
514187
896459
149550
318395
349739
872768
616341
953109
419933
377232
234698
308183
126783
978868
90530
496707
320067
990324
231165
237281
834504
711185
198237
916727
744604
584243
116201
669886
245554
288184
880026
462442
347115
750048
632082
226890
665956
266877
235534
783485
171200
566930
947083
706085
273855
45240
729570
80435
789052
452757
341412
903311
243494
88176
567307
820011
797653
973785
501564
364245
796514
852790
35105
795060
717210
169431
650676
493370
133977
589271
649071
240698
590407
521504
249366
589353
795544
628155
872797
958769
635566
274917
141879
478127
391
631057
370851
451982
600049
608969
318290
792129
685426
439523
545824
320254
684805
37382
153248
454953
800724
553521
818952
609257
183095
607000
903481
432342
542733
520666
978916
487319
104085
650923
212690
389907
218621
31342
229369
244811
877392
350926
729279
102127
154152
951309
103416
678429
567350
38793
710163
394490
517401
61333
365845
387806
368913
697336
651767
118234
836708
771224
289704
938037
214440
319864
560071
23193
480321
741375
855555
37064
69464
654071
847505
437765
22327
748977
959017
480282
897675
165750
878602
292379
951337
199111
476950
630635
411889
165270
206893
117393
822165
698463
915540
581414
860858
279572
904051
767385
704382
246542
999640
588715
373896
643599
556700
897757
36038
700914
85892
212694
943095
254478
606470
984604
321707
790251
93849
180221
769413
284754
447714
883215
976110
164589
933673
530072
443648
328619
200198
183955
10019
850570
956916
776930
341724
694929
716916
764527
247165
140292
228252
782238
784996
219418
298133
394899
886216
99704
950250
521543
103750
661640
754606
37106
654919
195652
107213
764974
628513
927841
952223
477387
217603
530236
589226
444877
502106
24836
492071
884586
20743
508825
62226
113210
478392
928514
727419
559659
216210
372305
778208
296477
6834
743796
59448
576228
39919
436702
751711
193730
201016
1797
47757
551970
77126
633933
277396
799079
787174
988286
368381
905832
891631
651786
750461
205046
349608
640647
607189
794844
267427
974195
240981
446480
558034
937849
92534
35693
775047
481144
192093
730897
572925
877796
641742
941252
244268
315690
553021
892572
888193
381995
989761
718636
895777
326698
624637
278343
93018
118240
507915
898524
192499
564352
131226
268722
458391
440849
916735
957015
160912
814893
508730
525139
687852
353409
268230
913315
402575
30946
234068
468918
159880
305158
720852
189827
753713
212004
219964
121687
112838
442680
404402
654532
98797
497042
331308
453168
583168
82622
946180
386685
510071
489527
909882
844732
28086
232531
451721
660141
861933
806541
873016
214815
133622
247951
437422
869320
702701
682464
216874
712191
247059
525446
474287
717095
410996
884240
327830
219333
393775
811189
804808
969727
863613
758838
996363
861475
70792
29373
224827
792800
629304
916874
245685
144367
123827
308789
150786
701041
626532
485793
412377
156335
41404
530063
139585
169797
86626
717670
805886
728681
958743
532259
583745
472402
684464
541850
271106
672784
753858
962484
503287
780689
77000
147556
708570
761163
642505
339153
370177
325080
79922
583376
457754
720666
279763
653319
946236
276940
446590
9110
230931
393203
962246
341116
644174
301176
705458
773505
594991
469710
45819
257313
191724
644678
398361
559157
295804
56315
981375
909757
244969
530008
533707
244054
369322
291537
594287
395941
3775
707915
620844
672931
346301
462882
462620
891274
330307
828274
584572
804607
78163
922793
737166
695607
434355
507939
371124
480552
225086
273166
297867
509670
24854
362378
783516
856503
552970
779397
416204
383630
243979
920555
780447
227123
552600
489672
807865
314745
998653
309940
4645
313609
722461
789804
919313
427189
112543
947768
176368
950826
501393
336341
158144
224486
6006
511803
411308
287994
741704
524198
559398
902551
662960
320426
650660
15160
45088
126244
291532
208054
311887
291049
656661
499473
562881
698542
947037
219304
785415
433852
546327
74319
587175
371661
665504
6112
328363
498444
462760
831916
606115
196021
106212
201214
276322
127768
522265
286573
618623
812802
646861
662852
739060
568603
861224
445995
130934
386512
274923
295140
132658
598595
537326
906246
467030
428344
488415
70320
385745
577040
596514
538532
41554
146305
164260
535164
281005
997838
659076
641530
858535
129936
24710
874450
476231
261740
114741
280776
618800
145685
929024
30723
473570
975207
261749
522398
597093
598646
680632
567082
368929
541224
886088
147929
926188
925561
877254
556256
962600
481075
212528
326597
664206
165912
3933
227447
7448
403990
297289
249134
231684
562235
645639
385664
883844
248265
418945
248363
586751
529915
509013
742485
602540
382740
772373
211994
836575
266579
708200
222832
636362
113325
874796
568267
34304
821104
4935
112433
385160
954648
736907
245357
314335
120543
712922
553685
386781
237322
792651
695977
382221
511830
649503
721753
319988
953930
908329
557119
760562
267821
371704
174922
722899
13638
212141
435465
887175
771734
699662
547005
992945
177255
292970
491316
767336
999399
831446
601731
143463
627862
616326
732142
41625
260560
584844
83190
754447
555982
960862
776153
816123
899530
898209
760513
779521
306511
173407
869925
862806
411879
854615
331063
67861
996006
265065
226647
953406
724905
678689
923548
390509
757436
976779
43947
863303
796
486803
566298
555575
456724
365088
816193
506948
697369
368908
982846
639677
260971
296318
73175
200715
918243
8251
623935
569617
214510
98835
297445
604311
13291
356724
112277
911388
439205
145072
355795
786728
747703
224497
397349
325802
180856
197981
441885
518192
114070
86620
583269
486756
62112
115400
877630
897156
360151
809604
479064
660463
99989
571799
470978
134665
538553
32282
799770
832980
526663
228026
92892
661948
969534
774012
548544
634772
354898
175737
591436
537604
887430
221283
134071
573026
142549
542417
206253
641835
857101
698894
189209
54480
389271
156493
879318
358281
911114
196681
972930
962114
802028
974375
460819
472764
295292
434126
620325
940274
261415
795098
388270
962342
231128
892608
816214
372436
293588
903322
801306
300847
359008
190820
522758
686641
51297
254977
404190
807884
447563
391141
494561
105743
856863
28314
142193
429243
444106
988085
540785
775822
568906
414169
801426
495777
513421
753996
698789
140442
522610
660648
144369
449077
942476
151083
127126
852529
510706
555034
520586
596746
834137
639596
154374
353557
78939
674475
182426
900379
511779
936714
669652
96774
892651
732175
360973
259930
404714
999575
276408
859400
23092
341855
121026
773840
405612
936406
553317
360599
496403
364204
596651
972653
518926
727914
904933
725150
589595
944404
60648
317623
570010
416984
880565
87569
627576
297425
604594
692180
31222
335265
440370
983722
136739
200054
49283
828778
1679
733854
995546
582025
242415
555155
874461
77340
633215
756653
313832
765840
671733
214775
668916
268191
440077
83937
300025
285647
633497
403417
342358
605526
105444
98579
355498
144491
191737
586926
946225
739660
390416
92521
98324
680460
234308
890782
558402
838588
383147
942012
176675
270703
777792
169250
131708
581514
746174
780671
849526
234204
779393
796242
473078
236239
315702
949345
174860
117013
224145
996062
796036
363841
693523
610645
548460
222981
106196
285957
55899
635031
187337
446786
274949
378851
925043
395547
133346
684369
800865
466352
939109
76894
141693
255110
426332
467410
755450
307983
504881
839472
99528
283569
104820
279593
324360
278298
372267
530860
90694
365278
268819
522771
10375
659823
727999
957558
152416
1270
811873
167777
46313
248541
455298
244214
832308
925902
129325
866749
262458
254590
926906
14133
265685
735641
554560
543264
41947
885748
375398
325487
788468
493914
339808
672297
617956
332339
585370
237463
575736
427212
572395
648820
541875
820854
894844
898133
394316
572576
101954
714301
34142
891524
344763
717266
448826
912512
347666
503454
124946
517388
650550
500293
731641
290710
252746
588181
841512
20495
983610
587173
538313
893466
241582
233952
96508
129062
746037
507749
467126
728183
496303
264287
35710
870839
601290
934858
557764
561153
201712
229492
599601
968674
959058
560136
403654
117789
59216
763097
669335
469067
817818
683675
442034
937671
205159
828921
935894
47749
573000
947592
522914
130096
147373
842754
215807
923269
614194
689908
359681
801472
814826
302145
456952
937535
740295
545469
262676
346147
269546
170997
96862
200109
651036
695262
252050
62995
176876
688685
635918
748210
710078
583202
214206
714974
950972
989272
936396
753562
297985
6361
424462
679337
588832
869264
972352
233613
228758
132243
911007
53594
776260
692706
528199
553101
603044
969684
317244
946937
744122
356496
68696
757168
356780
51243
634948
939493
648690
64409
588378
939362
828036
623995
239328
615629
710161
906650
977867
175695
643560
791561
103355
692553
628870
792386
895713
148256
859066
335505
512524
47611
988040
769933
917698
676614
143432
243374
483187
439223
887537
21244
154676
53398
761691
83353
791922
812443
746490
361345
987719
921892
276214
376105
852106
783342
867284
9720
868889
974917
576459
550800
122735
287849
860769
356444
67885
827630
563792
288335
79841
699421
366242
325346
520180
697708
799644
417
40569
399457
551501
332665
484757
742422
953279
667889
613251
42007
747307
627057
187418
948416
962356
17089
382791
178777
723367
795924
745872
140225
206180
920525
618519
819552
100694
674673
810117
988255
556384
72448
742708
411318
627444
799183
142606
246985
986955
913376
786834
594201
158571
171471
666265
879547
376514
534778
166448
909624
140429
628111
91708
461307
454568
880089
196429
79846
852857
201603
370361
473334
63050
722427
991799
673204
528339
168903
378290
738180
916979
208655
639306
25349
851930
728239
587423
467978
126158
969066
89737
812106
457694
480527
189089
974218
659199
737979
481727
691650
545421
365091
588164
582935
505541
359685
164373
280965
407498
610295
87345
720279
753785
260280
56065
995445
956759
726032
181960
691856
183648
427921
626066
527242
567081
646882
974723
88165
507744
6387
839682
650516
152931
487579
335894
305859
482300
792552
739513
963823
307771
780694
155739
829840
998265
924880
91022
161863
112593
549711
599788
795753
308926
147134
32312
99307
410035
476879
844802
429853
981854
773572
332691
154870
306783
883143
497295
53384
480408
587417
95758
754514
486144
195948
749879
961413
419651
244181
76797
592832
168570
38696
866225
157687
162747
528253
663024
107486
206180
344398
461833
296742
268228
278713
909354
30580
744675
332747
629715
262274
98849
817559
925617
953525
42197
934971
978092
950976
859485
607890
573302
537216
219040
606867
390273
762813
138170
239022
203266
477497
466422
342848
64962
392387
278099
552609
818363
286855
937420
445168
29146
206726
42912
742321
261391
129737
950310
683016
414868
565530
62061
44370
789096
397371
377745
993485
268165
435035
208595
963886
518281
192878
851511
187625
719330
184728
204564
971350
410569
668545
954286
686303
140941
731518
912887
345416
310887
171579
513040
506003
61640
838343
151927
451204
79378
915853
227013
531849
412587
771284
8284
624810
108730
543947
336686
943478
565474
676731
481506
831493
509646
136309
711561
175718
969672
102368
68576
215823
873386
140752
740212
644352
432792
106237
932072
686236
932978
269691
14989
384775
954620
57936
766215
759718
310261
452454
414884
503063
113644
235059
325551
552488
800411
33574
426570
792917
472174
22112
829731
701740
287864
759419
602768
577565
923754
57979
962334
444841
851683
28852
388068
352111
367697
68998
642269
697136
789620
682428
209013
483742
135908
55312
505045
564764
341875
664089
800771
678002
160922
212927
108662
133428
270455
56135
357214
631343
225490
452130
218304
923386
996783
72939
994871
157214
565102
806465
77741
113397
441166
163217
768650
372445
699603
71965
929741
930290
557674
593434
324872
821187
943874
887002
886537
717507
703777
519017
365217
409917
725810
384626
756632
914611
178352
480648
575631
502721
689039
2156
145056
53893
799005
982072
153669
290341
255535
275315
129229
469410
742961
684129
32576
467712
924278
732203
49499
571354
38385
715906
608124
288262
782406
344140
924766
413686
339233
371227
135809
453894
37535
32660
404015
144943
332352
856887
814758
415915
77489
918889
191895
378216
67840
59095
639218
370259
566733
231087
1781
362983
487702
339944
744624
491770
473213
723246
999382
681420
185720
390116
531797
799157
192666
511739
475974
937307
256836
967696
519851
653531
43029
416879
586205
627318
397116
270188
981851
517857
964257
32683
896925
177127
817498
662948
10165
81092
812692
40702
529667
298000
294375
6586
95233
207655
666568
824611
180344
357687
664076
169971
360362
329297
414982
274235
10091
702650
479434
81244
301533
214407
581458
993554
674062
685338
454476
382959
173451
579303
896875
212222
753191
74909
726272
217252
437373
503196
609373
153712
878451
620156
498008
460187
606915
853817
337064
837458
860660
355731
155488
687968
432600
182356
920736
214529
636415
394927
937668
659654
155423
436025
38330
917263
47777
626913
322297
749100
668378
57370
837018
936140
108063
902133
382846
165921
797818
103601
398154
43112
112275
918702
424661
551258
63197
941367
926331
293024
993
487719
952835
42778
838598
331090
430729
931511
431918
969783
185757
439328
246085
895749
46567
50982
803274
511861
865734
685485
210927
719525
890054
443825
259033
924281
565793
657405
862140
713294
998062
837630
223737
694219
556767
98249
744535
859967
979638
326550
426172
939210
85572
1389
109904
974803
515738
502085
434242
514333
108575
939184
746503
630117
241392
654183
575739
334852
7119
474739
582640
54938
978122
808400
360863
985192
728261
485523
520677
841514
927704
436241
206808
632243
859655
904814
500062
166661
323223
814408
636250
752468
372190
322572
18758
914288
790702
789521
522754
70907
181740
407837
135638
463449
70110
104413
865026
631510
664861
951211
516899
551268
200117
853999
344236
757956
865245
44105
697888
406585
377483
11255
806306
4808
199876
470208
697895
57582
117993
599454
83776
111541
334766
194068
439543
471878
914068
811492
654537
628860
598784
456685
28364
16856
109865
484342
130222
865982
259355
303
1897
777143
458158
959966
572273
387811
229610
557092
353546
227993
217551
207262
633909
405339
484205
820785
861704
462526
946746
128771
25118
394157
586990
255273
993889
395404
888012
943271
721488
285418
793232
898012
107611
126708
763283
508439
709765
591261
482285
517874
743330
866239
670421
654519
783943
808149
797852
260291
342997
215720
544982
800133
184209
320978
161382
379605
170061
853069
657265
156092
391493
891591
411648
786988
220844
914500
385899
206181
74258
968206
830038
62552
335619
589455
707316
48895
545129
69963
928379
197914
651113
516576
428205
838310
322963
741889
892422
497597
414620
793109
619243
469191
604492
59612
669179
237684
673515
529176
430325
866611
24285
551586
845040
198596
83226
256346
525191
265875
552227
480575
400740
420718
537225
961535
631098
724205
58152
319213
331006
245914
414749
360256
667660
298885
923851
626604
567108
539867
636032
375086
582356
495382
116261
214732
32506
870268
315117
912957
499991
130463
927558
197879
931062
167735
581609
951495
665008
543116
68701
456161
245915
194196
676455
181659
210149
650834
758286
661313
714909
41959
38886
182121
28927
486353
992338
788427
329258
302655
990289
736038
631785
361923
14381
312380
980199
275952
264888
813486
424488
914491
23625
649928
173475
319004
297050
969052
307014
65873
978509
369340
527854
574250
635349
320808
387181
425391
591785
118296
508202
360800
514731
904280
95744
598357
107187
541455
473620
710264
120730
971609
652798
31915
896317
546033
816693
421035
512516
943924
559942
622197
922281
555489
460700
816994
267946
292270
901520
35049
178459
481184
245935
84640
487694
89107
490654
685401
800632
421665
681611
598333
443538
106191
563828
896030
461676
210482
199996
894174
909272
365318
722412
945711
326993
917821
734348
311466
998431
39235
342017
738439
635858
594682
246826
208378
711273
993473
481360
189478
953128
543021
284012
197099
257709
763871
97343
603457
533007
444807
971173
863236
990906
124707
499392
676679
869742
847901
455234
655943
374860
265914
440504
570050
779542
961163
671012
924869
553576
314366
248857
424087
503164
635879
195587
368330
904078
369586
979264
432835
328768
799199
42531
947595
646122
837632
956540
536802
871605
892177
54210
287382
162461
676814
128811
543918
282718
722970
15098
474109
642505
77302
993179
86423
103780
334761
114062
254724
956314
121099
215733
795979
686576
684960
808360
541034
775299
419531
617615
664810
680763
328683
65065
906637
337913
324076
902087
521220
219903
404108
605616
490471
275772
163462
725567
452249
666092
13590
358326
56347
845103
918372
381892
815114
947558
713169
495957
316459
433188
867358
781412
430643
574652
300824
458156
774374
317367
733331
884964
921700
206591
628837
261546
762604
155047
707614
653767
764935
169387
860453
32347
596942
564136
404249
188077
506641
884841
346828
170418
966585
129867
765709
950827
804286
867322
964534
622521
904849
614217
793074
460816
738875
534140
49634
22653
237369
189464
297487
288336
754448
99055
602468
881423
455662
242820
678420
500886
755779
10493
973850
459432
768589
236976
852998
482026
311555
748634
303982
840395
948824
888897
965772
765143
54168
640986
390713
723153
974218
804927
884307
671434
636756
915703
541203
140860
404450
812288
588598
766907
846037
43048
315380
659074
982013
738483
534534
859337
680683
930101
818574
122398
286380
859971
601321
91766
141913
954896
819848
756350
185066
199889
471834
760366
762773
171157
877882
206058
829563
659491
744811
104949
892050
669476
881345
514410
726369
31830
848759
82900
349690
297004
439896
44025
404989
490154
425620
560980
631966
610995
463256
435152
28582
774932
263218
194047
129448
410421
633148
629739
715684
56861
897707
31970
331974
975461
404792
214814
78232
438399
404706
137854
381230
587340
714167
273339
812444
890094
322565
191403
895381
551211
728007
293854
912503
594322
500751
885536
900686
826023
450003
165984
840630
32815
245283
632254
597964
527619
44518
424328
967268
796489
819259
272914
180023
438207
102662
15236
377971
273510
488124
64029
737828
798880
572239
758836
555460
83123
350311
723535
184303
553709
998455
353660
959637
198366
848720
65696
148737
867309
917761
797843
536064
618074
892034
919888
102968
533821
151689
295490
492705
924774
466405
864516
646506
167563
536521
999028
515670
524234
458635
331674
969630
845922
226630
976587
980859
62930
627835
964520
985847
735406
658420
354539
829693
895641
963762
685301
962127
803434
174947
345792
3789
195555
228615
115692
731704
5240
264638
290117
646661
615032
92158
794658
486371
44900
263477
628531
158111
318907
151174
648588
838972
6064
861964
573771
940766
960027
966769
873749
151405
634126
88473
258474
864280
721097
959115
532853
381721
727531
125853
831533
343659
668041
274480
17069
564090
994200
820322
837731
798215
556793
81198
399059
598478
133187
879249
78661
621745
862473
272721
993734
787536
333245
293279
355290
650849
502735
155973
447547
47675
624540
901480
573389
541648
978939
35860
102811
868341
589639
387209
399539
821250
63852
763463
408679
750142
394505
308365
986578
523433
10097
660364
291152
247970
40398
822451
41815
602256
131723
63147
622752
24810
809798
502493
639853
908103
398596
627721
414756
105585
71226
394194
930285
767336
105880
934799
978113
632916
998116
453717
44879
277130
264613
98932
79934
754003
859830
747224
776224
646100
353819
685351
837542
474946
883670
278672
568371
256034
203512
879919
95348
405215
301002
819513
504419
346089
555434
705172
944549
150376
18551
156796
636790
522229
914624
696521
702277
21632
633583
585542
516576
589214
92189
556136
581487
41289
523466
286900
309098
541440
706218
639896
819163
477922
516875
124940
704636
813310
976845
591308
314711
889909
241020
499712
588601
787071
748298
944677
869690
843489
564657
631667
21023
924976
962090
550524
768226
500068
474981
854619
190199
260968
721782
569683
902881
163079
642040
588812
666805
988143
92494
796051
435849
527358
264418
328530
849650
540667
791227
728079
899628
569715
130116
601302
725287
568513
796056
878352
687483
621636
529734
626207
791525
493162
759188
700511
926061
422722
570799
736197
100332
193272
751559
843387
286573
735456
418676
397263
507186
206199
907822
635327
393160
856678
418286
680029
220180
247749
538318
772998
944858
320118
483398
122849
431338
12246
44847
102328
684129
910326
866680
711857
587162
254377
331637
535408
336453
27029
72761
862953
525969
833640
311810
353775
518721
201258
351442
404428
494505
886485
558587
505888
244063
342297
354410
285136
517824
587200
734173
111263
474748
640846
666161
510468
52243
967126
576062
191932
121261
654119
624013
808575
375968
716461
292691
803985
821221
847761
809983
199151
361079
716208
422466
65200
179793
215855
862659
631838
921320
780513
455468
504448
490966
366869
598953
806217
22905
102385
477373
602765
293843
420685
507871
927685
9759
609296
944589
789091
842197
272756
21214
799512
156935
38084
136387
948427
454524
381868
186968
431302
417354
903835
790099
727857
39753
833765
762467
164087
173571
127845
572642
564430
581787
381932
179393
641594
516963
162168
698993
985276
253764
773110
834125
774555
369005
713224
499639
574030
29685
12267
82866
901376
655818
305529
125056
169736
535924
405499
420659
815966
621283
842144
918492
826436
927543
410948
110861
343400
273572
234567
149790
174862
652427
143011
833224
773008
116065
335256
339971
677634
156455
631145
11959
669595
845431
583526
29879
602883
606923
933161
68771
879624
329643
47199
346873
919305
389143
688423
629491
629935
87245
83849
292774
32317
47545
929279
540536
144547
769769
163129
630112
692395
809496
747987
800258
329487
223120
345855
704355
330970
929266
842466
203267
895614
94739
588781
924305
927839
333745
417873
558076
586345
664497
495431
274326
706891
363888
305657
410703
273149
95900
158069
571192
825198
282142
750064
758289
156872
724220
990054
279664
951837
52502
429376
138253
975356
94269
141407
744595
505684
426502
250011
403293
98156
706665
794468
998771
783488
418904
880276
194846
529039
781111
554415
378610
744471
684883
90128
535306
197788
826682
234719
124131
183415
313051
498797
253113
904890
444192
302214
284130
469015
910997
838324
978534
958805
498494
385810
593431
57255
349542
958960
410267
70971
918659
351725
686151
162034
645450
767098
945323
537595
517465
517346
44178
745877
445083
689367
880427
84539
833719
295309
298839
731559
116197
683176
791574
660077
141366
560410
655418
380061
80422
94369
325467
470920
636052
395586
567080
797766
522075
646164
391046
522004
686330
655268
297228
520961
319225
947771
401240
454579
478383
39975
943915
785718
32121
574399
411028
989377
144850
602704
908502
737927
197121
602245
841001
761464
252660
850487
540045
535890
388581
844706
310684
841845
312108
142950
847145
413010
446720
755364
378182
481352
651043
927481
97119
574869
317133
603820
969617
723604
748323
642810
203914
503617
699563
789286
784816
242995
662959
198373
441376
349018
848665
531517
265598
93115
551767
144496
214478
840718
511699
693482
557672
340836
957720
264982
855316
973836
553468
506872
6584
871315
590140
990663
786240
624330
798962
310358
94193
709805
319646
619370
532567
419664
242069
746110
19453
209018
727344
736572
316292
149407
738365
9293
121131
330885
869875
563359
369122
211427
359555
928340
768191
44090
772215
577845
742270
136129
776409
918147
428638
754413
68218
531111
704450
798562
236553
38916
936900
479725
423502
472628
643295
3726
781081
501557
142733
555132
187571
444462
182092
516189
217769
38971
101834
679936
390142
293807
649834
424332
123222
537608
488294
874702
377461
42666
413770
619249
940410
929660
897786
199500
478790
66564
76231
511322
407603
333913
334486
592272
164901
164943
891723
268805
469264
468771
927154
479161
99195
113615
521591
296283
254197
809446
713978
825501
425947
757535
821761
689882
924215
858039
44536
216230
634510
763912
506762
500693
975963
48801
534747
248761
590305
850779
905073
766652
242008
954227
672654
105267
566810
848986
275906
89535
336798
195169
883715
767434
950852
718391
616021
822853
374963
648890
105504
564400
727565
705544
586161
327435
138062
232917
53555
650399
494531
168391
516053
142175
80191
457220
312791
256583
791591
829773
796539
760362
42133
57109
292883
1420
427906
631568
892490
932344
710309
854133
337643
990287
79608
42793
473017
298158
646065
951595
653656
423697
855547
494163
923914
779891
41453
650424
154553
310182
789546
935552
130704
784408
633522
41115
226719
186976
701918
849540
558718
871560
917988
334637
500061
751800
126112
125579
784105
931509
490372
111541
826334
51045
771588
441893
281590
141416
602084
324179
993168
798589
668810
503639
990642
795813
382238
620278
15639
276268
168510
438991
445861
205255
537323
158850
715400
335287
70746
533252
594945
201303
530945
143209
673209
417824
417099
825413
322913
975260
770993
824863
264816
221397
684438
301966
598378
700224
893682
857069
663175
71415
885664
894855
176156
61693
518125
148519
292776
496663
574590
467890
233426
409832
677291
771854
86668
292487
608695
72853
645797
906248
360444
98644
124448
104707
384123
343062
277334
680197
308287
345939
175678
218153
994909
449237
368173
990418
445423
133598
432155
934487
525727
676527
185799
770259
597271
659595
192490
982701
859441
541402
70490
131649
138368
555097
742179
865063
57784
879155
549184
547632
53180
316572
357902
429934
912377
731527
668765
100703
68927
280979
677900
949389
730861
184696
477618
217611
890610
855911
885745
981597
848182
36516
92021
201519
917052
85061
244699
698730
548123
988512
17333
28649
984957
344729
211313
218297
551589
27643
224733
810689
194205
30424
904795
558352
298131
651453
61889
46735
740005
270445
901885
995109
259754
779461
423774
257042
559443
815863
247956
741338
529661
605832
566322
813824
898713
346236
647740
194438
679039
301152
324691
416391
276649
440639
133360
124209
262109
312598
627446
57490
743429
367706
864222
57993
779798
573241
738454
376010
431741
757304
717836
900885
163381
799362
425542
474929
405875
680054
769192
55232
776979
437614
686524
876560
972032
328675
928285
657507
748955
134937
483260
190527
680260
967402
626806
702166
162812
819685
228870
835221
912492
807253
917692
436156
392359
121257
584419
480873
603289
94512
402506
628621
643714
637936
76468
269605
910882
186107
214774
188154
522109
485542
735527
861672
490666
322492
491833
719887
289257
915467
307927
781565
636289
626251
302126
836957
657269
529101
91807
827624
855832
359291
232509
870645
316963
44323
62820
684072
689776
219416
753028
764650
735494
237905
489769
24578
914828
844147
472624
309103
428384
198300
342887
158466
544345
217866
178876
381191
85833
277039
598282
47183
65241
924683
622399
613089
155703
691890
498102
13335
59306
680561
464402
876332
954705
756110
79448
90056
325726
242669
969075
225948
671842
299690
148185
43608
485942
158642
163248
286235
907297
603887
840372
208697
878948
644024
115898
558265
718131
727092
902008
649368
923156
471636
509296
313471
760858
546584
636288
748271
166258
440960
472013
104829
648204
125515
387236
993013
889721
211217
85691
293978
813554
878991
41818
988151
101498
933401
642147
760186
767733
244884
889942
511455
43668
676929
450880
147514
713337
756316
928714
596534
780895
360090
444731
462755
421798
394471
37184
166444
514712
358939
914509
754228
515710
533255
294500
700423
989874
981465
79445
226895
649303
351035
787695
177088
505702
530256
452464
249457
667048
24402
501081
252511
98101
398495
926995
363552
683939
382116
142425
123933
794966
310393
500917
695166
102251
130452
278638
311195
619848
37671
480839
139008
569614
753497
37770
147092
289177
983952
997985
181773
140160
836721
551664
646492
563232
445217
495947
416336
234305
382884
525300
595990
892215
837759
241675
314726
371455
852758
447725
916305
554119
739183
234384
884397
565582
755678
695540
564099
869103
711502
267922
808126
147704
480063
249119
829893
476545
355001
304818
347894
646086
453013
117815
641783
666361
369385
769794
986101
578671
887484
743082
391352
423211
491608
729274
565202
813275
301111
156931
360326
991849
255299
387289
716653
954623
17406
303714
978183
410848
323014
259426
394039
631488
736828
301536
772869
72670
155881
933462
238954
210294
93861
953006
588326
936459
194574
211492
238326
470672
886885
612047
320851
36083
876626
380041
474639
160924
471219
248934
569655
900523
8482
883940
347285
401202
724060
847574
818396
523992
80041
387379
356668
431974
891241
295244
451710
640846
518214
920821
678098
810481
728976
627116
80425
129314
901270
581096
167249
190342
8081
677576
424449
83041
421023
405536
652230
321529
411072
832936
677903
358347
417107
815269
479331
210810
825857
934883
733550
141892
319906
863887
481509
368457
830977
6195
210141
795297
76225
610290
36542
553234
394174
27886
344555
962793
220754
125025
476432
859490
359817
72009
688473
301767
651338
87148
18673
999530
453851
982119
62161
148007
930767
961211
616100
311141
413036
312332
794534
22441
455843
332767
664701
654057
905472
147822
285855
931808
1815
911239
862025
667330
429759
981975
692473
467181
345741
457159
887003
993460
995648
612346
878112
172731
296353
907792
259302
287594
416284
847556
429817
506867
26234
677809
581919
762073
448928
815372
842515
937826
759264
826798
647147
674132
261907
944450
790683
687681
948593
687424
62110
8076
715180
957131
815652
843553
337877
780301
912349
112344
360397
254760
673328
764992
389417
135811
613495
125447
354856
628915
521833
195837
553343
160046
423741
885316
171105
64850
506280
389029
669323
846519
355118
505318
681710
390754
729422
286728
887688
353887
902668
784006
233770
464049
102153
130597
838515
429396
230293
809516
520461
78553
97301
936693
955629
107647
603247
661496
360149
25145
269943
725753
803892
899464
521002
392654
399880
173413
425574
923297
949924
18574
205386
804351
408439
787031
978595
491797
252536
677904
628855
146698
68880
646366
471916
878597
365127
191645
78832
867388
223393
642800
137396
635329
170985
880955
885740
302906
569550
217839
846755
296309
922547
984949
441302
96713
67853
42204
145412
296022
767513
987612
969902
721682
58799
965528
155368
417110
351351
2688
812801
847228
318322
918591
888069
230493
998922
202990
274718
122301
986072
214688
195573
908569
740985
777254
734431
565916
906310
274673
77324
472793
869781
207701
448956
560877
178173
107035
115612
710820
909947
950280
323485
753480
346965
463567
676788
119693
750325
64183
514507
871120
381742
702788
671487
284105
688158
855036
793967
232200
361907
403088
287780
850908
441237
493580
823431
88477
264885
600655
324344
756139
736693
965937
41285
59540
818296
165775
785366
822860
305116
337084
706038
644318
752671
880528
810423
17554
975359
831628
363245
122710
710801
562999
832217
177875
209753
2387
765396
463648
590616
167869
152644
796535
242629
649490
418441
533656
605890
244714
831346
847150
477375
613232
531297
810483
406714
92793
127164
679845
606892
17481
424053
400291
257427
111511
159330
873163
257591
622830
682682
876122
554464
838460
749757
150047
938975
838395
741420
253909
843949
157683
499328
245591
735871
523700
857006
230415
825259
484915
823549
815080
896942
289756
603830
183882
536506
140783
871225
173185
501422
618799
78662
996222
705080
217405
478982
508046
963946
410220
46430
600011
999665
972490
846693
373458
893655
384100
600455
789775
59429
456455
621249
216249
497956
403060
918738
152519
821407
226558
693888
892187
804453
860904
807314
734789
691315
510898
95200
510228
475875
618356
685377
284653
921342
198470
413167
746628
597669
619077
555234
709778
369638
225495
794259
574476
866218
898850
617915
858285
637641
996264
395777
58224
422610
759318
745464
318384
336528
109183
215465
924467
178
975361
972043
587990
399068
118404
428036
210105
338374
32431
183582
60351
396053
727532
796923
649627
142624
610601
118423
316413
963192
2777
462661
911772
564146
49470
705119
763619
166620
595654
404158
280778
554705
665669
218873
657184
619023
431740
66357
19599
154319
992202
172442
464658
343056
165156
118831
191830
73621
861380
378990
23993
569328
15430
194886
853128
339452
843221
650061
954731
578011
748041
898857
924787
307949
246923
661834
813197
806662
482246
176512
851926
405800
699901
122532
516730
98463
670828
622036
420663
522061
697906
76663
792767
528011
424816
310915
115573
170597
671461
27902
625767
889370
298316
221495
176014
23401
842256
878187
706571
938313
599842
869251
759507
124034
298623
600256
834313
943864
370285
370520
990904
307395
518409
190178
268373
809949
796668
513502
798463
582316
545002
627187
734091
616351
386566
182558
751177
360049
712142
405136
108537
258761
31185
185599
751530
983745
28329
832996
114986
77753
555136
700460
823376
471343
712929
120927
723874
995834
89447
118830
962227
577313
836818
626961
944758
952547
120338
836321
285832
954634
379672
88649
10197
477406
320261
280338
550256
207434
657380
127415
802928
359834
208859
606950
584474
34844
780413
242586
426690
508736
415039
27081
160628
57223
119780
593019
969586
729482
928811
302813
168866
269147
507012
866860
50573
513896
688553
420728
461617
475110
212596
524502
403657
487470
187667
898109
477973
454909
247333
248815
386580
6802
327700
375584
142804
830221
869280
382697
148098
1306
452400
209604
680065
108562
822329
541202
459305
463506
481503
958902
362606
690301
732589
917762
322281
515980
737276
609490
880498
425630
265611
736571
356671
548016
914513
104512
554437
932330
223805
947006
533655
139569
834264
694606
544252
209591
760184
77514
302242
272747
637145
758119
431912
614878
105639
597325
872840
148388
137937
498412
618248
603046
709454
622723
772365
952598
91662
393704
567004
145447
23488
289490
378952
505900
153895
390819
706826
160362
744883
901611
396256
137384
858532
415713
813993
893534
8576
452702
453428
810852
177191
732191
842321
12324
482052
512971
575097
10141
343367
269358
803508
86832
453513
823619
180161
139002
202361
459270
868439
925174
759827
285523
377877
737559
560134
282837
505506
746169
867811
956663
752139
448740
499134
603626
764581
218080
725159
682620
252250
318729
334897
13987
46903
522954
537114
644462
220209
128652
69543
174512
564979
948641
442372
855043
534012
300903
857258
516197
282340
850088
496770
481954
255877
201777
514127
743564
289801
14547
580199
103277
465897
219371
773109
212966
27910
725415
599841
893536
839454
727717
967725
52148
117371
295505
622570
631116
774523
161802
269206
50590
687741
901797
60395
679730
483683
232790
980924
75262
791707
989818
516002
425401
766432
700838
840718
462691
82393
853287
986154
883183
791234
857053
817650
654714
21046
828038
173126
668094
247128
741637
295627
412018
340462
219840
482335
741932
445574
86638
584817
95571
437462
744413
457046
572884
176946
930336
555549
330050
228688
224649
889273
577848
492631
215038
262290
700614
825024
388830
618137
36965
541318
720466
591191
493966
401609
385815
50909
558441
649736
273143
861811
43306
93424
259166
556097
613736
225434
760411
782132
50096
123661
808714
957631
364239
234225
412713
714846
805121
8383
234551
20533
276702
73179
568561
534366
562801
236718
383667
285315
516458
32155
814257
730349
627421
931281
106284
865538
536340
200891
272456
315085
107663
547297
682984
656381
752170
863639
114088
94227
896088
152252
667137
15880
250895
946459
774670
565163
722746
179784
973768
250615
872483
371832
361878
618207
149054
670152
688698
858285
684412
453509
417693
625586
832701
46270
366090
55573
718267
443926
566556
721367
682346
1876
336429
282800
750306
127093
108162
544402
602174
176588
717279
815858
580818
972570
51600
167857
673294
391214
110798
874060
635281
170484
27394
7806
592385
925508
439092
348097
30364
100255
797391
807141
109202
805240
565405
821411
619909
435691
354590
80518
964820
724178
737841
634403
401078
180440
288704
75636
512691
960410
482847
196739
643309
463624
447705
687381
375173
580113
167968
335525
464448
845651
747072
458272
468493
813075
252933
57243
20646
885013
581691
410880
88012
990935
454149
648656
966344
635017
846088
720660
616026
972108
733968
649000
759707
883426
144903
164854
103508
736248
433167
614993
965503
380697
232776
527876
236738
799989
91869
491886
320632
331966
342041
249129
486188
986032
498815
991018
866360
876241
362523
84114
648776
606737
662230
358979
669714
148378
944893
279221
103991
606267
944185
694213
780153
667151
172578
737527
641210
925963
558308
500652
40632
728256
182718
115412
575525
929314
113163
2737
635033
713771
751172
276085
958697
2450
32930
102015
481585
297886
729740
206581
915276
175913
834557
406308
992260
738926
660425
340563
117462
456167
646618
534902
601381
67223
510509
786632
596977
35684
727239
363145
780218
14874
418158
60668
78112
560159
733527
395025
93951
850125
747964
696181
143251
456173
785716
139773
804299
48879
430818
715684
413048
109945
735312
454207
970579
56938
666979
992279
848878
717510
190773
426792
896166
554201
553368
727959
514728
664440
22645
245036
224805
766020
182610
611635
529731
10111
534475
447213
398183
985857
476766
152141
288330
679651
107070
747343
633005
974727
62159
738130
396210
965728
261128
938388
531542
415746
901643
882606
613483
657012
203453
880155
393388
388870
937560
631688
234603
976212
47463
869824
640600
816752
367208
104180
836695
121866
542075
729400
709324
496826
93144
326021
138372
794591
21823
560124
377077
55789
298800
542294
648074
310652
79147
227190
724176
827475
963944
948763
514168
495802
684417
223933
354081
36140
690304
208955
167949
528384
152450
13356
368242
518615
661969
837442
523127
163077
431360
719264
855093
870077
358189
623148
445687
577033
88822
101789
167923
586987
784996
292818
63629
945508
258299
762622
805531
579983
103096
544720
162352
13379
208183
359336
58642
950082
240978
256276
868025
206540
323245
985086
593558
196328
619991
236977
834874
941182
339350
76612
178630
798471
44240
897601
574692
274458
378236
96992
92498
853033
662658
96721
708719
835854
63317
622234
962894
978417
743774
746814
342320
63496
967874
781287
95485
880455
592913
638230
74142
522342
197323
129643
179687
802273
28281
985409
544221
543074
179068
638629
485418
684433
449684
538156
849106
362994
185240
364936
84409
305068
76983
479175
385252
151056
980480
569920
781415
330768
647247
19978
827162
735710
811818
28394
544548
322933
956207
942700
941175
458151
406301
726499
717912
95280
256104
44492
489645
355256
516651
372777
566243
37870
989568
408242
625899
713677
939631
92373
959877
388639
310250
772700
457135
832120
118805
233015
761873
175898
849932
639185
359180
110757
476402
549669
361298
962628
502480
982400
264469
184778
347041
708011
539902
725989
966618
892616
657168
3048
631819
637394
769583
15190
360504
511708
526104
824083
144946
264437
637988
243219
557291
126361
143005
570583
408341
758685
615275
44358
932246
20168
468731
373028
398630
317505
84047
447563
512884
132744
801210
520908
145239
309462
547075
1938
297844
358752
561563
503648
96472
764133
956758
746651
646220
352057
637315
415564
585566
721482
556893
406898
389587
515401
872134
28484
107371
670448
156093
2022
298435
306576
318102
118648
267485
924334
431257
522840
617825
463653
340808
128969
783480
759471
148886
869401
774510
274540
123822
150207
642367
949795
853344
451200
509595
796071
389847
986804
632853
822985
249799
71389
401588
354777
220061
973780
952626
365525
837812
694499
516182
959538
340588
340546
142680
17576
588041
366732
464253
432765
529442
57636
902260
754530
394326
360360
240000
726910
717211
296011
171075
505399
803257
929788
892509
938012
432745
91784
95660
963230
421751
520776
773307
251004
694209
93664
893858
18661
739252
315523
150974
557922
671213
74142
748462
281961
283666
209869
966536
749704
145520
214357
595070
711271
784812
818288
31099
881449
916177
437984
246714
185782
590092
997322
326125
506615
411097
77604
319
580999
957863
226004
558488
282160
627703
814690
446113
510295
594142
813549
750487
700649
876199
400708
135974
879634
693185
669527
649933
271625
863382
728743
370312
742306
603472
614571
609062
412587
619168
311590
347746
347165
686607
2240
22459
458427
288338
827177
498107
81143
81264
48352
857345
56867
646751
821879
520321
826253
434811
743495
571720
238850
749309
505929
712730
637897
706678
165619
847563
635015
85388
992419
669455
401550
903101
798482
808265
396305
42701
804221
968623
946151
835547
739736
871086
353210
188616
123471
699066
968014
113489
300843
879830
195269
61492
430895
792171
698270
673388
151486
535318
867508
843750
937840
974256
310732
308520
613353
137960
853684
328728
515415
979851
313296
86970
837912
254028
426129
838550
634614
112952
642708
842422
282760
723799
605564
692866
189128
548658
779700
710198
73516
937360
88777
438833
292672
521163
67655
977024
806025
916989
871906
366731
441762
431396
853380
353654
435478
609760
122223
550372
731441
695917
710098
641861
974892
569418
685562
560864
678716
590607
472475
107602
785419
301513
180729
427907
529510
793755
668153
548331
529209
534733
616072
781492
645356
28267
115452
407486
296671
659385
254351
268421
143622
326703
682226
466905
305273
541136
378575
72234
866386
651958
19662
677555
316416
808900
239659
771010
363492
23862
785647
351518
49813
181985
320424
87698
866476
14229
922909
201011
740937
769638
753539
302451
177742
162963
304124
539394
963248
529384
131595
505578
545961
161348
916375
440661
795111
230281
255373
988247
799627
543468
392211
867319
314632
1551
850948
70256
192771
194014
987147
726363
453071
896735
11882
673446
920722
735075
932483
292192
913839
59037
749965
278863
637380
601569
917771
373868
765225
999933
419641
94894
693185
968105
665787
359813
383184
924496
105701
149088
118031
398515
488920
825574
163306
805955
954279
441411
920085
110987
24402
337812
408964
953839
795054
436310
760837
214008
67059
806087
721742
80348
271826
749369
930548
451581
812332
357703
344931
928367
93402
79011
883375
966225
806646
569689
871967
269089
925985
325881
553408
620083
935605
960381
699840
766593
403430
319437
232364
182597
638488
377750
678713
484114
391175
587169
844122
66977
216221
1101
898301
901758
967548
90991
560764
500792
511441
451386
57456
941620
715585
72882
135992
759460
510416
934537
885057
971315
110680
511408
969578
841764
551362
122140
477440
207080
20696
666275
955917
437590
54471
846748
84569
789179
717139
579168
792551
17328
49182
499214
57299
808989
835221
898720
159820
116769
53031
578646
74346
536921
333652
603985
125957
691634
672046
238608
757464
196489
559693
299420
130646
874183
422695
755313
316096
977355
182352
930407
352000
252682
898762
36267
573271
555328
809252
401412
152155
380839
326980
987809
474600
413737
790199
683651
164072
443384
31685
553785
281105
21640
980220
387379
222352
512264
596881
11904
76670
479356
6542
477284
330351
16377
491746
595692
505936
29801
104691
717394
700014
251830
499886
288845
722029
719605
562292
762535
631782
83804
142486
208892
516922
57856
875906
962086
86275
304833
658961
383322
767327
70539
292569
553398
955438
337301
157441
378994
591177
769640
416935
59575
422189
995925
417475
48174
605218
53186
692594
664131
272764
71661
937924
989422
479117
749252
342621
376656
66951
239836
419631
970391
740338
122672
182297
360315
47149
638342
234605
815657
137940
603162
550404
831648
794045
292023
571932
196959
534043
187128
942076
515775
938102
372714
220434
963241
701997
61017
574060
213394
532337
106636
761988
435900
961710
868170
119365
633312
434741
318063
33770
438216
476851
787406
720341
780538
318717
1589
317278
814485
15770
535016
954542
466292
74665
87380
75099
261743
872706
529737
839218
96664
432869
575831
903858
188167
942904
244523
683792
785828
20454
153375
894316
355482
806272
51440
360328
576313
463763
899680
931936
641296
918706
216385
681810
821585
175837
203730
9381
25486
238779
665366
935449
75549
745835
620886
34379
501998
740979
922144
841087
43307
971697
499525
398840
553685
510408
837300
654294
545667
581786
876452
794733
460579
752569
632284
732249
242154
939755
48411
485225
931087
315790
84482
449745
518149
936229
807821
302528
164351
417751
227478
428045
682131
956944
468699
606205
808644
13921
871203
543271
906291
269256
819223
778041
761586
193208
997549
773305
784635
835158
395432
923602
891281
831729
949183
8808
520632
113726
384026
193519
703412
311839
817043
427883
726695
967117
500554
313145
978136
144392
167061
848795
269338
189814
322626
890187
386206
443911
64192
656761
945288
147275
324216
2970
755344
490930
711434
529162
157625
695866
457728
72342
510613
842984
249274
604796
975762
352115
70881
298400
553571
444185
680974
521676
262062
999329
554440
773085
867112
988359
683785
538497
349926
556607
220438
998762
42451
246921
818848
608024
174027
795241
145144
527317
838301
406667
544697
645596
196607
260624
970296
566411
762528
468320
339890
976234
433463
881872
656198
286499
870880
73277
602809
978719
434272
213212
3854
6699
980236
325914
632685
259872
780631
733237
382218
902539
983006
921370
386019
992795
139479
542090
659474
322935
339284
967552
48776
518978
127902
453972
41597
471811
895887
658509
957958
944292
590787
552214
188237
175327
222191
961854
239465
520168
352000
184124
887799
98927
768017
516928
408260
810646
683714
673955
668414
944713
951948
225928
118224
938058
56053
16529
838598
174372
808505
698578
943495
946837
178802
9647
462127
802948
119864
658359
241543
782464
919144
195777
824001
976467
462838
679082
600728
285356
862950
851970
189223
699080
467226
655274
968352
215620
155437
490843
120714
85166
233728
654977
708897
652888
482322
482677
270314
675637
592253
792657
958032
168019
530624
918034
802307
927752
940943
88399
961892
792653
524187
911055
214246
196372
858635
934731
833459
535493
386854
52886
343742
318879
180819
270869
164997
398183
884973
448162
700613
657310
384004
704283
557497
777835
570653
205357
64771
243798
871630
242672
365656
286071
972393
47636
717715
923441
751482
335063
802062
513953
735299
61466
450631
788148
11644
645209
953588
103651
301068
863932
285048
49174
487953
182148
576349
872259
168797
340230
796876
761761
687579
369932
145686
311945
500274
805435
760230
779378
595276
455428
337032
451421
257744
561823
983954
838632
895635
554536
847812
946057
902441
108556
651828
67066
809615
336117
210506
964610
17345
233404
343837
102841
755940
981963
459527
855827
60327
442587
902501
206326
412291
907793
527528
688767
757260
340059
98511
38173
305554
291973
815386
95136
544243
266358
932260
858626
689168
649106
240391
931766
708489
895431
19328
181713
662171
702790
121960
4545
861367
607041
193062
872307
907791
68789
121089
647628
343178
849714
599227
828271
181010
373236
3190
965979
782251
171777
145605
231632
868783
624677
2292
433779
843144
875512
161536
953960
552488
851426
715746
654976
915737
536904
172039
210936
981493
371269
778823
457789
195269
221229
554999
273198
947301
465291
252360
418101
255531
752081
439418
245255
510184
668043
910365
281451
859041
65102
55686
245493
179136
519164
481506
580240
328024
313400
106485
413937
44910
151885
780748
34777
620653
82095
313643
161892
656581
521557
658508
345207
765114
218092
256709
493354
646620
1056
467369
371199
186012
909055
500715
778275
655331
69947
987510
885207
344517
190125
561033
696824
585082
78340
769238
622471
343100
714732
104680
879526
768909
871614
576111
5132
938627
7005
391646
949367
366148
202674
387393
243177
224013
136411
165716
808815
541285
128793
398575
751434
455092
113842
169583
676728
999341
508883
583329
213995
344377
500647
640147
657516
847246
318886
711698
229648
407126
423221
800465
958502
668755
501089
570232
657188
772700
442586
95379
599101
997441
18739
37207
838861
487967
875674
89446
450377
704865
659179
592480
836985
226024
995404
930372
375086
978650
884146
229479
170829
421637
596997
17396
77667
628258
386024
167959
766723
199359
150793
286498
505907
27827
884860
34051
401055
765885
539864
435887
983721
147915
661123
460212
515505
395171
160066
546052
749387
348336
825168
467922
791904
77388
211509
234264
678279
804081
384447
436235
912001
738203
585884
184443
226913
893282
13694
689978
764593
650890
57852
341317
769138
889861
224340
531638
542481
170633
559609
801793
579480
16153
686706
964622
994672
61454
81740
266556
85070
866592
91959
717263
70080
317948
143440
319512
930470
423203
336961
69014
630168
276464
178087
163552
77312
36545
936723
529727
386534
309362
41382
334125
891158
658530
756179
25807
433887
110321
346404
463670
318520
367799
347865
939544
768370
368250
249422
642927
624151
875791
735152
594041
317379
811916
602961
664982
473296
885222
831446
628598
313702
71130
358703
921546
969366
817082
641089
531252
602927
215751
559440
207539
218269
977923
497227
198752
224963
285299
672915
330908
40256
514213
58160
596093
405833
442720
910625
399945
334626
138963
105796
778934
466419
979414
12134
209419
170844
976100
588500
892752
450521
306529
712629
703943
659638
554068
890908
238846
680651
563987
754239
702328
409480
285615
506672
193069
299604
995013
341775
931166
762981
584388
41174
51156
372702
963400
426166
219518
841704
623838
334965
178224
809492
960278
29637
567250
621999
746565
743943
890934
123481
969293
252024
534971
470917
990166
865380
192117
380716
349636
366429
764218
841076
596961
407695
295055
727913
508609
662811
953284
786218
5292
745929
333677
350143
496379
445673
487806
996503
939735
876031
271545
567997
291040
961786
689326
736767
802416
833217
331638
488453
654098
517955
326042
655983
676990
592119
224113
574667
986465
786810
520738
516956
267937
768478
671871
199800
183430
850387
760955
20708
617287
8590
431047
17840
223990
52365
319342
577545
706813
965163
570829
532472
471297
457451
204657
375259
395118
341519
718234
989010
824377
840689
722346
999253
958344
182230
485533
115150
819204
306974
900425
379107
146052
227705
847049
235766
84020
738090
321342
925022
952438
205921
433668
551967
982157
662412
67115
835818
802866
719194
195773
266810
177041
457710
991977
439753
550199
749345
412627
384902
757278
4940
921036
873052
760544
973307
443053
444289
361303
293277
20036
286813
676763
445992
514865
300244
226077
771048
868006
392495
369612
417105
486884
626675
301603
153033
183523
102590
242457
563716
358489
619972
171485
254369
45282
711039
653828
259833
126038
325043
126793
442025
756130
731338
637403
83588
300823
532029
261067
95194
186419
823238
807020
525901
655448
440982
469512
486428
395183
344208
802864
957576
123560
762567
847098
157993
414262
530808
537043
463934
928452
510913
466561
441965
723243
313318
132546
320770
501664
8751
362522
860663
984778
900923
97309
597468
165734
685611
136275
798328
901419
322890
779777
921953
314192
10736
789153
25195
289433
773101
288178
994277
961612
314397
733121
321809
87307
271729
885792
212755
518849
830454
631216
66686
129351
439653
70228
573722
680985
689506
262444
887437
769593
598280
568774
7315
101597
164115
581164
387445
146301
312918
772271
894433
195251
831605
75053
775812
66927
789885
300244
814552
734214
532273
749591
249678
602984
316654
685981
947894
743274
933541
892089
751757
89421
842009
486720
865149
296830
463278
366113
812792
387987
797071
797990
289332
105495
194998
83952
824151
971196
308594
646856
298255
643874
722253
709074
592514
566395
930359
698417
783589
899581
773570
884040
309761
85953
650693
265179
930890
137236
835922
875906
919765
952802
482137
690516
366840
415149
492051
559173
271901
114936
43091
827644
390508
921746
875857
906474
683725
640838
142164
570655
199606
245449
5860
852450
358635
330414
773830
686234
774830
210755
851629
300687
964899
321796
310957
182159
805772
796523
429455
220432
361481
670119
354155
236541
991635
508429
326630
688621
463820
649706
116046
743157
501388
843289
127581
193735
942937
409657
759938
430762
526536
409952
816801
451432
600247
310811
741845
358183
661744
908505
67132
642805
281892
837743
58849
416978
69812
57952
704064
227171
76778
126686
146875
792992
516689
264280
507925
960662
271300
244545
37784
326371
110932
308801
782450
785889
569147
713082
762854
435903
607180
87163
122735
888968
663519
923529
90011
940354
567939
392173
241047
537473
590816
618626
355238
531600
683868
776875
141400
309288
632122
300511
777782
354703
263616
151065
528444
669540
717034
100358
33935
836545
450118
377786
306821
686090
325561
440499
90278
486424
591439
393072
726566
184835
92719
324927
88082
240852
179172
746646
128249
531958
951555
722814
796919
36446
933390
422043
80126
913959
372161
204658
402431
370365
938728
58791
99862
190294
489763
470378
399747
186264
492324
284028
713563
778252
499401
870221
240782
26826
104313
498418
939554
911093
102891
721828
480969
715686
387470
999523
389525
544900
688955
556335
641842
964092
84918
466687
87788
522667
391972
678154
147945
806170
811647
582556
663394
483646
997569
479369
521995
544560
713803
145665
749226
9597
913770
178990
127800
486205
187199
345976
91740
983441
19324
880271
891481
257097
25872
185439
340130
837472
194333
586477
497994
556751
76666
682996
952431
618319
649188
85325
649973
359000
286262
344598
545822
39121
340457
217569
739953
968874
282707
700285
862904
767254
667849
968117
652751
618785
852435
155155
177996
641695
940207
493055
287176
502562
451404
363574
217351
201886
944373
480839
164112
589974
491098
536628
834321
430199
614120
382257
555270
72739
779228
8215
5481
38040
643675
812196
40402
372440
896287
188897
448575
982698
526690
863852
104869
305611
452579
129725
330727
799425
126580
274137
871125
756004
286645
175350
772665
489361
801920
682212
670686
571721
487997
695868
299855
74369
358870
28746
398204
184753
29968
571103
805720
63664
975909
286683
6465
666014
57253
463475
362258
206694
784225
362555
324539
553126
281359
294277
574383
14928
693354
7395
133210
75095
847201
285743
387651
353595
184375
862803
877760
106717
156933
444376
834588
912270
479355
489681
409036
225354
711480
617795
10631
796129
529509
967060
655324
349143
624790
585121
721237
433197
458342
911316
772689
265378
710578
332048
713247
72758
751884
912297
422957
550275
116144
62242
199871
364466
369055
591922
85104
688587
33869
258908
858100
759997
491941
158034
552715
444584
540096
652871
671792
575758
998043
876574
273988
473816
915228
974604
817757
906250
578825
191393
918263
765610
730495
799136
326320
64436
594314
521084
573208
297316
889852
633721
191512
835057
622744
910124
852034
12695
17874
134382
276079
151940
756814
524605
653010
443127
152043
852958
166249
551627
820190
934837
144063
844864
560113
233513
568442
353776
521901
900697
781152
38361
988738
445254
957940
91760
233232
842192
196704
552068
60341
455771
691033
949516
180402
730451
53510
134108
231100
784710
721000
417277
145145
89358
494862
577922
474486
73400
551657
667319
252840
349983
526777
61751
569849
405509
327210
756757
895309
881704
722367
189824
33522
591861
812992
779059
296368
133747
607479
129590
847585
801511
566587
331450
271978
360741
892268
431125
543119
902422
629509
951244
692603
428264
99586
439547
618628
400220
33637
7694
727818
75946
363548
87511
145866
174460
64263
452004
538643
535739
960729
118171
651482
27674
64625
42225
705804
623024
604420
840183
195315
286507
175891
527951
878969
281747
340167
154757
641165
119512
199224
624479
656093
376114
395229
206288
744789
390520
936334
427838
271981
498902
711841
471135
788069
209336
105349
963798
969669
208698
465655
93194
365795
737739
126
988605
245937
399617
402851
636114
756960
2100
365741
42917
354325
479608
38532
862925
766583
842479
732434
648779
898596
775024
307056
547432
558000
167279
300791
694697
128840
594843
943838
762773
485991
190410
495176
834607
688776
510382
437099
335081
210886
223553
227179
677067
814619
624704
882476
497301
419874
686700
612188
520732
282594
654086
817662
891885
905586
611598
651212
161514
450568
708945
380000
634976
843059
990667
607675
477759
492245
295062
866175
913936
349297
838446
858674
139074
548280
636487
968307
559073
684652
827911
592933
504610
115465
176792
559314
533136
675178
180679
721226
93566
896791
994966
203641
749185
484002
801903
681842
800709
88756
730444
733249
978998
985720
494763
470148
204868
43795
142187
270865
21402
974571
628305
645084
974378
597983
285114
798903
476998
824602
862810
139047
915970
577325
386743
296220
711428
487234
10524
771101
187918
924451
93633
914855
578659
593101
175933
727423
692111
935415
160848
98464
259411
827027
252504
433432
525908
472573
22568
992381
582818
658288
180459
806078
179330
675246
40136
864559
362130
447618
598014
311496
461190
59101
454982
990714
949071
980879
59509
629080
333522
982057
849870
730076
908207
690222
626226
69344
574626
5043
256952
619938
287513
772695
566605
10659
901108
418996
151593
776621
118029
564656
351110
842839
633232
985037
360957
645206
625464
117538
634471
351174
890262
399179
45641
185422
95100
932144
723195
36524
558571
117786
497941
84156
845624
600204
482738
853683
620490
45622
660407
526773
12618
321375
903936
756552
623144
583950
360181
473711
425675
947381
42988
72716
914802
921742
7827
435852
959162
94993
89912
705056
187858
799489
143610
909493
368653
206688
849267
890801
634896
610885
261642
853542
644975
781386
997030
220290
38656
899969
131695
245263
602408
194849
17682
152017
601948
608642
660396
748957
548395
419053
701012
710502
316373
98673
489380
322012
258388
821336
101106
705267
239612
274599
277707
457904
651269
145703
353508
637025
887658
812918
356272
642236
251215
489546
653649
809779
683538
651002
659630
615306
884499
188411
296968
979162
717137
630812
463081
723332
712360
674239
81441
894504
165874
364727
913920
244935
216567
651332
383798
310701
364523
317113
548832
844526
967695
185262
618908
817507
239304
498588
234170
70656
139503
763292
573175
298054
230296
964844
256116
675497
595642
603260
797470
969288
668476
989858
497796
466400
607250
831815
296380
853913
619868
927413
855265
765987
742198
813050
286406
563857
494324
707994
963421
650288
481294
510263
423805
970227
611834
952893
903845
815434
350266
285701
148385
549125
965809
789609
99354
181063
919330
451711
784777
952142
451945
737747
445638
437405
641061
216476
728474
444159
450802
404052
782860
353731
782046
752996
645535
722203
534219
926430
860295
213141
672579
264244
654320
368874
179465
95671
544666
555075
561914
939214
870584
129854
463032
710703
471656
938662
935912
888821
906876
955755
534941
953021
206849
649184
264603
671241
776086
908577
654677
316960
588833
74280
751394
268575
461794
621187
708472
407463
17905
36848
389649
596282
582438
758383
575345
526131
261905
502210
354320
980194
466910
620270
983406
897587
889287
905618
793030
794646
948814
907514
391737
99633
701114
91988
536794
47939
439128
774250
226071
71251
235733
750139
733802
808231
806415
856923
167538
254572
287209
595962
221325
969269
390490
74267
994406
950872
342383
300439
157050
733071
81756
31634
977838
549705
615233
463407
803392
823842
830225
314211
791942
923264
259398
875951
428053
368087
913726
61474
659399
18705
304002
385042
98131
580734
952282
846074
760564
395728
458492
636979
587681
164857
963339
146585
822292
456035
832990
431782
913544
469196
530126
996409
861230
918648
192753
913943
317045
100529
247776
237447
455670
538451
235967
934194
893679
96342
613839
700027
82445
621173
524486
357659
34301
817109
867839
505313
352653
2148
584007
496130
683980
354723
678654
484618
916393
971112
148585
884944
700744
660261
375032
694722
220230
33233
193893
624440
768421
43558
537030
702828
46330
754057
448808
863607
435328
740872
259532
945359
191660
225872
461468
574054
394137
198384
161270
134936
884656
486682
862259
527609
364096
762721
592027
36790
285794
457171
800335
880973
747279
532533
817591
672450
74977
780568
142435
448383
973421
457543
833134
670270
288822
452479
927849
153967
918684
80331
197180
597882
937455
846298
433868
489475
749681
964166
995611
877161
371144
153735
312354
873345
698732
358467
6008
281439
358501
213200
920454
785161
965684
336635
475809
965323
495913
382099
724382
224764
593609
712939
618319
136576
23331
330203
8795
469840
490692
406420
116861
991597
435560
624270
684545
618662
128684
838652
565401
44795
92557
31681
951561
536889
699521
345218
660081
933997
10419
898967
599845
566748
135958
335854
560856
524541
335498
850016
48732
501358
568722
381407
862110
326532
917942
666088
33013
535669
540777
93367
192118
122855
192475
373786
147374
214746
997431
932059
730193
875205
200496
35744
242149
965144
692697
149866
895998
550827
352790
354732
671250
544861
209229
525557
5990
129601
812561
191396
926541
418196
619145
174925
861776
953258
338669
501679
970908
78108
348994
584606
27054
660525
362112
173712
188746
4755
906892
288883
945271
746186
181800
662364
839735
292364
676337
432381
587627
881833
537734
475702
745427
905516
114845
548901
871875
864870
245740
290221
677675
421972
458870
253321
475796
332459
519518
99366
139387
721822
323132
797826
683316
448545
662992
881128
267407
17028
709148
153426
811268
373381
723860
226913
790869
239837
65770
401115
761656
367386
5483
628170
418518
796295
881023
755336
973450
355426
374393
996536
748338
916976
766541
765134
220016
151510
733944
192809
559840
238809
799932
290250
863263
331497
65558
617798
885049
544061
303277
865992
855552
974635
113789
32955
922368
813845
354921
974534
247000
308732
382470
340549
428691
289836
994966
7746
845647
822920
238045
990312
493858
578705
500644
182017
701910
459036
220601
802302
62847
274637
253723
249074
832997
318549
601448
545655
8927
244801
741541
728357
627468
431074
142502
849991
788659
984695
120641
469611
886044
790899
279476
293080
762698
529427
881079
57293
26672
913637
408220
42687
145609
969070
913957
964489
361560
322358
62239
16933
230098
215702
628514
654546
164918
393148
956964
379191
925281
408186
448928
976891
603736
437352
107987
184683
302034
229945
311796
803124
996750
937085
575715
300093
920804
569588
356654
130324
453961
993011
248980
970843
993461
544089
296779
24801
670964
221847
790056
166931
965834
850685
821448
658932
849449
919800
923632
780752
187572
315929
99813
161247
77187
466209
578192
349650
428244
811320
437287
595127
412761
720208
623073
125581
820480
948171
250216
254193
507523
332773
973316
806132
10552
343016
160553
713051
371055
541792
599125
617779
220671
893964
760579
608546
213942
226237
267821
638314
266565
36737
87076
49138
648671
30692
460245
875440
7397
474104
994257
502403
961168
712352
516028
993353
825966
386640
488086
418517
265445
740278
284864
128402
525177
189844
512346
466104
14163
723434
519797
804891
723572
37185
54632
365176
716952
728278
23421
116540
496623
825832
897097
974183
801171
316510
660531
11606
143188
113186
767932
775447
332970
687455
374576
916510
545007
136458
496686
957558
433329
48307
590658
396821
379976
358768
170888
180709
663892
711601
663796
49269
702178
500019
198868
271015
791250
592217
757983
949479
648896
615945
918163
92997
21855
216329
861729
943881
97827
901638
122980
96379
213586
866794
165332
157831
41557
269351
989954
821237
453603
525831
948690
342769
798834
460719
165355
857760
365729
743982
345513
649349
57530
232336
965295
306352
333433
105206
547878
943332
782
535356
383776
447557
305370
529721
234055
222338
476194
915894
218640
647533
238239
192372
791236
925475
389198
974269
963166
748075
393026
78102
818448
245223
574392
455441
436230
580959
370291
76401
688509
303641
475956
933772
47842
401951
790007
994454
611982
121118
587653
350898
367845
100073
274906
596042
658240
518153
891968
492157
872870
381631
846842
649758
947116
193582
841174
561503
779289
774542
421922
562872
342225
558915
61577
50106
876971
47815
930495
547079
760771
954799
409331
732141
141854
272578
420484
138333
14050
93724
188849
565871
414156
324201
745635
446635
10997
310180
127001
605594
284181
42617
149943
199919
861500
89491
131918
311479
596868
470540
873330
455805
890560
769419
832567
753299
602481
653774
373557
334073
137507
661518
751197
795505
471305
638937
669198
252241
815718
692262
276067
652274
325094
130903
89576
973539
569615
415207
702531
262604
885988
262892
349412
525504
768551
206197
274298
926695
142011
587392
803767
967157
266824
640154
123291
421188
105172
985031
325262
210989
441692
50195
219395
456961
601043
272642
208917
260175
141382
525168
466620
921690
2056
360444
928508
822863
881675
62973
660234
411755
22792
427433
522022
522474
296516
809745
114271
397789
608602
385061
322490
465419
484060
813434
917886
217442
132350
562590
781206
991424
571489
985150
993014
884302
702432
723745
322533
814352
492877
990707
208383
627974
325219
469630
801217
358124
554553
538922
77066
720814
796739
324503
556853
552783
651919
4296
613443
802154
970333
92228
32135
505589
548877
57659
390409
75454
618923
690876
682893
582223
889845
716820
873434
155182
52266
709255
488346
951498
872659
687653
192985
249914
675236
494044
629768
658611
308512
803285
682635
188923
986948
852362
57517
240000
890673
995660
444049
164385
540269
549119
664200
533397
55741
249054
551380
475513
208276
957004
579848
427512
535294
565694
517442
623781
930957
205480
589668
569020
848008
178738
414461
910468
988099
191491
882117
998060
799678
296876
169271
371321
860458
723199
138734
402993
390516
748585
357350
533467
861426
303646
624610
548298
414421
451120
560953
335017
901545
13745
613824
195700
965648
513623
92406
968481
212887
492935
39726
686766
387226
419640
161292
231538
532930
437665
124151
141254
423309
270125
725157
267535
810857
791791
842169
764853
732123
429981
307211
126704
47508
496109
397259
382476
484456
221194
328579
375588
975689
903236
908015
986009
101104
834621
705452
521550
581896
98881
112517
230918
947963
53711
946344
964814
496030
157471
293519
687829
749790
304816
677633
49148
825033
432280
262741
291702
156217
253542
988579
385018
594716
473580
960094
868249
871560
594973
803870
867430
832326
82837
485919
39853
819253
26123
726971
89081
91849
413842
891424
308283
840659
879086
502844
69003
9381
552193
728765
805993
765083
650756
119632
881358
390901
319295
149904
656065
44908
859566
318413
703070
371815
219062
872835
979636
578089
801544
94941
544043
627354
667222
600416
806833
594402
521945
949545
49526
214257
769793
961702
549736
7817
95525
573155
16225
375127
885249
234826
424174
779743
555228
408812
619275
755230
756014
815814
987094
279256
702423
872445
382491
73990
880248
719414
304892
149139
954929
873630
639336
937609
896655
154461
568009
642901
605273
556794
766967
257790
634119
367794
762663
868678
542010
530406
599042
724095
611550
802871
46957
248065
409409
176538
800068
688618
819523
907535
417220
335507
898696
996963
150559
180112
642310
242589
439851
329944
304822
1079
963134
256774
143633
120086
983168
47734
793378
584664
201650
841622
473109
206787
747744
351802
42655
213995
806603
934503
606582
287056
665044
232960
691081
177027
511637
263731
254020
415164
541008
737445
690843
308266
556255
878352
733488
726002
928835
803135
259331
159229
345691
846244
661198
683967
182757
796024
726770
944245
46013
973933
730718
596570
139630
108308
932784
385986
317590
852931
981571
81088
882211
679151
898616
432452
294156
114366
675778
788303
402707
469148
916080
376262
92250
683168
985642
435941
127368
540971
407051
981670
642582
868968
768248
41680
386381
843713
539146
88724
201623
342772
790711
21433
181479
505408
748552
508716
607317
276513
803023
426385
113728
363712
742535
111613
292728
830371
355950
959884
883069
721512
36679
512002
31167
425067
516363
378794
92887
180231
895812
437540
580657
446945
842171
870697
23683
966251
839057
572795
181153
701343
542173
985837
696426
354654
17307
506263
15975
620981
326525
816963
299180
991015
263805
568192
419090
998247
24209
806404
21934
61112
470419
913431
796226
829629
74983
364305
676181
411008
672816
808874
3239
941421
880013
917232
934968
669713
401880
203262
937846
958907
956685
695309
794641
238109
53071
797681
736985
932754
223748
637806
357819
96965
636438
716937
907405
277283
468759
682240
614111
688107
354366
381125
724196
645969
674545
366374
259084
994607
134426
226926
104396
421524
455120
626344
367387
89001
724024
625149
99469
320010
474605
378842
296084
969469
425736
97262
617746
723162
317116
530055
459907
301849
914673
100108
104911
8658
773627
706060
647574
466298
173920
123499
483393
428904
322596
457456
173620
439126
552784
462408
203494
767422
718455
927657
873525
585597
342701
707709
554062
798131
323654
84174
926007
30179
134017
922575
893229
905433
377969
551938
720858
668094
962144
654033
577850
879988
272037
337475
443535
633267
303359
293647
833067
174585
878640
304546
331659
308503
112937
363616
847323
22752
251220
520752
850171
980604
665473
488886
131365
730205
432277
821473
581757
386126
644334
433611
638547
883080
184456
795659
287075
240732
478989
192740
736484
852159
590376
15534
48786
122201
145827
570458
351031
195519
994890
308011
467734
693181
149770
309566
632672
773144
816806
993719
404591
187475
849248
175937
106819
192815
542657
153058
892542
560715
647392
754117
60039
25666
58011
249235
673214
606729
381179
709217
871822
64660
251739
924095
689625
221230
992400
543516
303271
603450
573585
218290
658418
775779
320348
125089
107116
221080
995067
821759
351860
925641
389107
79681
107072
919243
709797
471079
973543
967630
174168
843602
72198
43702
632529
410776
708663
201829
655687
284716
995356
213903
754570
602562
681386
202460
350905
15189
794114
775130
283542
496106
262385
7179
116621
615220
843351
618454
901855
110149
887591
98959
540581
16230
981508
599912
502923
749265
476857
665343
47419
122639
403682
982140
396478
566715
382581
445536
455574
15258
807400
444010
829817
288150
949041
985732
366881
557253
664475
108796
762500
996167
965395
294166
838883
569458
377118
73080
807252
729245
211960
223223
558970
524894
86744
447185
905530
679796
263952
656695
613150
956574
224633
869475
710385
101228
519060
586191
947303
133829
537004
619068
573771
998661
315630
408060
479218
289232
276562
693509
409965
840127
404587
457036
7230
986432
346216
905514
324152
138279
529376
53571
435544
669701
612004
348754
362111
687819
181423
910467
792674
308457
298924
412157
891801
618385
301473
153585
654813
791937
688797
418083
81643
223517
884519
365504
776785
900263
129749
839558
56989
444715
204226
395322
360954
613294
155384
546897
511468
958273
876358
315715
346309
101856
598508
441229
94700
41348
60150
614318
199053
784602
831891
667387
480455
755642
738041
596342
434971
840376
92066
235506
946065
904243
302546
628684
552819
345955
272422
677335
924677
627864
282821
852299
674271
306863
126190
852795
515475
803733
470967
98912
933021
302824
545229
848354
438653
96743
236178
716302
302002
396603
630796
221913
927357
309331
922615
794708
396502
519653
772853
415720
788249
974289
692286
582872
520833
586662
458783
776506
795931
934848
976661
626385
348846
400615
806869
946487
449772
959234
278942
892975
504331
826554
158277
239928
554049
619233
80670
754984
446799
475865
273728
817446
113979
578676
278690
31432
13530
581031
158090
996944
172576
855501
453654
280226
744364
394800
585641
46199
529780
868501
640069
830162
159418
681341
229519
832677
153622
61546
375053
33062
446813
73558
295188
535318
78392
100765
215687
3822
908670
655726
131831
751506
75770
152127
321337
871943
828556
889404
958149
945267
883213
428976
514667
489200
586781
223103
590559
416723
704055
197928
734936
340210
920492
38180
262574
773324
336428
586627
43903
305681
508939
461251
798664
920488
658063
959523
554469
766918
973224
186717
84973
148032
739839
85996
751866
485518
995520
735247
240358
56533
799489
661528
943057
934361
138207
624940
656621
530026
209862
470814
780267
728663
414152
225973
80804
693161
842520
18878
421111
710174
699306
733086
65442
594608
298782
583073
269570
218144
371974
135032
717022
289121
406372
194966
441616
900160
577526
378648
324829
320673
928491
945157
996800
621090
777746
658304
483520
280564
612039
447636
458395
59102
104454
384210
717079
263228
357664
439915
570697
248856
393410
69076
970524
516657
908758
847900
542048
571272
327927
180905
968056
430095
332354
190937
182197
286044
567104
192994
33223
877983
318023
725080
857596
822750
426049
230778
378321
244261
167882
717376
632101
555538
952340
23780
513787
965174
343463
70064
325429
623190
735003
522755
92326
679595
693050
988206
160235
224547
930720
649634
692842
781173
177510
256740
104845
727384
387571
562288
594916
652355
74918
613698
767018
394210
409394
70906
690991
24146
416146
863013
203530
332376
963406
945765
796938
295737
885619
914092
691633
697372
447153
387992
129463
898269
761938
228575
965524
877857
85519
755424
216261
870106
698586
825898
637266
791711
496568
702958
307903
833984
189403
271768
848528
753613
153506
802811
476129
334778
549937
999886
304237
829819
441791
708811
272800
506006
618721
554848
355908
336509
463628
806395
512715
133723
39590
418788
843203
371512
718341
831109
360040
955345
319196
218493
888756
573069
2957
511990
582506
342255
966097
248102
408909
985204
476058
869258
680449
86818
634162
988955
201865
912420
177860
996277
502538
464331
940887
656293
105456
622705
867440
282781
702959
188013
388433
268261
465082
223264
589784
314430
297527
334248
390027
219681
241209
231612
416311
235035
87876
69620
538011
52692
400342
641744
591909
391340
656907
945169
443715
869844
255653
77945
480262
426455
328935
517292
999122
743375
642040
422226
51681
370513
147063
426143
693665
432510
311115
144462
844133
867995
373887
109009
769161
708653
54436
912244
871257
862624
385147
293152
265043
756916
307448
363584
859772
913624
570260
614118
67373
475914
168981
560366
604164
578636
40817
999041
684238
899361
970383
366641
46378
544750
227174
397929
709122
614800
834926
559071
894874
616474
161209
181442
388075
430581
731055
983637
470112
200297
285171
215170
339409
536639
80659
377654
505943
155118
390297
568171
34861
27286
383583
76526
441796
102221
914091
555291
501929
502719
640548
988543
285827
893973
357748
136305
24897
660349
464233
566731
68255
510936
55436
352008
387716
316931
441708
207776
928853
305538
620743
512893
477679
96200
940210
236740
809395
850310
906494
641848
548958
603662
610583
728316
437451
828679
926087
810899
339061
440973
312855
855070
425044
331800
585639
193421
399333
869962
796850
691048
295386
671288
805396
404215
936172
755767
624668
755985
13907
178422
970325
367304
634027
308753
509403
582934
151785
513171
868312
194095
972166
315950
115396
545441
390853
197058
760656
973344
231088
904886
322593
182088
849320
867020
719009
837727
491144
190115
611882
424148
180117
103487
580181
502252
805743
809463
833515
217086
589116
62573
823026
524943
750663
771895
418356
986231
466986
770377
388252
684770
726071
27966
367760
171824
971820
659727
192514
682327
741314
143262
577943
135829
991686
671614
886283
286627
513605
612432
626554
386505
177959
4308
540521
650669
336850
126853
480304
175494
416944
814910
875812
14491
890647
22860
920550
969470
89203
841104
241216
23577
867418
170842
842563
328020
154799
985363
280577
36052
693969
573569
938932
327823
1020
566290
798304
440851
554432
230966
524731
959332
836531
841177
184074
862056
397619
74448
264228
728179
945936
773116
336112
280096
153126
50352
411673
262434
783327
120267
193041
656523
244414
431428
738579
309178
665540
628043
546961
226726
619281
255860
849259
599633
299498
750753
44814
478399
140631
401377
48133
938223
806103
767530
189850
48169
709359
633900
768477
9829
145210
956313
21720
677622
174915
9987
684273
646317
603277
357167
707459
663669
380991
98446
767537
401829
250643
727784
567620
411429
454446
249011
215374
752567
302117
983654
491356
46401
389518
90133
388074
656051
336989
735159
553318
599693
143680
512289
185783
473539
91224
508726
372108
967243
176181
481909
123068
100718
471369
813403
700077
323049
379839
994268
337946
889485
806239
113910
457430
3380
577389
363964
804222
727280
140878
80479
670359
318448
943652
475594
422862
716417
99546
421412
257198
233788
772673
949968
939826
269106
170482
884463
14484
867145
410459
836454
681159
798730
979003
692652
216686
143557
378294
638918
967986
491169
843119
403577
190033
209691
333376
819523
784189
726666
581135
974531
966760
477513
564909
667149
556247
577701
139381
310400
683647
482428
281752
289413
22209
330200
624889
335648
548306
48044
852475
99203
131287
249213
694650
405336
691760
892807
574268
766099
990030
335445
618877
927286
849996
573512
120137
189302
442649
779034
491829
101728
526217
310874
838574
403483
424624
83400
617926
524984
236016
979695
168243
828221
732315
902255
413661
707468
798582
664207
854066
860878
492650
441924
825128
354806
775628
304135
643533
602773
97626
432440
218830
671246
151814
674232
258865
479419
729287
358849
685375
333880
981300
616198
850809
507
397004
660180
540796
491970
227613
320532
569567
152213
901235
866045
449677
237107
202211
645914
994838
89001
836210
739646
518829
929487
517923
487628
329318
228249
83734
568830
76533
770086
326134
14454
279192
464954
331214
452158
591199
631364
143251
32819
971957
733320
951635
24616
412318
521383
532401
777438
802371
957557
888761
866137
396837
619184
681622
320223
495294
628455
521051
558907
815311
449465
265725
601976
759416
154833
558959
232034
16917
110185
445045
974545
882964
222279
480561
775126
304638
905086
470940
307880
759379
366182
503098
119312
693588
780779
519207
808553
301036
551039
683127
188704
2091
582629
502298
404033
600499
441304
164610
606772
682200
814854
680736
912111
520604
959914
378187
944979
663007
60068
97586
164889
28276
803653
56028
390796
643827
123944
37805
228732
67826
812613
758078
780235
650851
276454
785005
584202
848827
953009
802494
600157
386045
72891
108560
928849
90558
740186
808798
939558
392823
156925
583775
9299
229768
394257
228334
909572
989081
48069
249323
271961
899088
49027
316480
275208
313260
466607
550499
262172
64534
115852
388633
349299
6180
486486
977627
163886
190169
670463
494208
70084
106247
625990
282426
61393
949221
300757
252996
256766
118125
620912
44577
975908
591476
77198
870941
839091
796916
875081
728088
699868
755450
700837
570932
589040
537435
658458
437136
398587
566244
285046
115392
502355
40879
388188
758766
726181
301799
198053
346398
239650
510717
152359
483470
364023
788119
263437
98121
657045
10070
318318
778815
454347
128119
922753
578924
194888
968167
94672
287568
278817
694410
680231
368478
86877
864699
474677
80735
166324
623584
7924
192507
4850
896370
832846
579935
15049
503454
678454
713558
905795
18127
810642
744473
365106
840826
320299
562217
806346
355791
572889
689292
560710
433566
142019
973274
693729
454884
64237
871899
210600
93068
708029
613979
102809
931378
677037
64580
611005
128295
683912
699978
889957
67533
206166
877034
420986
965345
96920
170405
38160
427246
623774
689640
51501
955803
572494
876999
168744
208783
41489
392117
896857
261993
846551
423841
896462
179860
440103
190903
839576
480989
142363
646856
609222
468289
637950
562159
183176
333746
214908
829281
777004
690677
972853
522078
216448
998583
673743
755625
725773
532119
789076
673234
691188
641179
627236
756302
897756
473541
189073
392865
471023
180750
846507
377446
475052
166616
601943
201625
785424
307173
298338
66362
16163
289976
87481
57619
457300
171909
549697
538335
135152
41696
272328
359484
381240
117265
568387
251965
920929
364393
182520
693060
539281
195391
39528
381880
213918
813301
852983
465450
591544
634198
447142
781331
169688
756931
238649
495049
495015
861761
603681
292130
326473
892576
243658
790111
983331
917160
914697
182622
4963
959045
262289
500422
122482
259336
19064
191152
237329
348869
922146
767209
503708
892189
26288
37319
644590
306246
337220
413628
627864
360803
36494
709287
317290
341129
987204
141358
646667
532713
751868
938843
298805
484336
36131
440545
844694
83127
406631
597592
680504
709430
505828
527920
698131
999276
913587
75840
436696
766699
351338
792545
616569
266155
434719
205173
635345
298127
110876
101634
512708
441611
494702
531275
35367
490420
125978
102747
87706
581008
147239
863029
156143
420910
994837
918664
569222
613505
540167
52561
29931
538092
5187
536814
630236
206788
651030
286640
449176
849546
512308
740988
576934
603634
690522
995670
374749
797374
516132
233080
598063
531959
458276
102943
308376
370571
528109
127214
867407
331166
688171
174431
119274
101006
1222
763578
926874
645119
700684
165072
768232
197304
802141
936286
129370
314641
523148
549422
624906
217869
771178
453656
643067
132090
435729
773004
136741
72122
142175
351133
920689
642556
329425
858132
624814
259387
390674
320294
702398
334585
549547
488651
112954
678048
902530
933423
291177
167276
635655
839419
23272
293295
960508
855991
713090
839809
741981
183637
735474
669554
432888
742922
258427
136681
805926
951373
824381
103615
519276
883119
647485
372941
239337
466316
639200
954791
13361
557395
6674
499221
812097
770403
823930
409322
886120
266809
953423
635089
592812
332026
298728
317459
193377
881175
642813
135074
346548
689987
553527
193114
393715
78964
448871
101154
860469
991761
915808
359900
977695
771214
247440
974491
759824
313359
888967
95781
629742
458822
489692
301461
143860
445062
423319
594546
899843
299977
479371
640378
585705
284127
412683
485974
655241
235985
498359
439671
248119
965089
833276
262123
544047
628908
216075
675266
738915
381893
232274
174059
209451
434039
470717
22187
583057
962961
467929
66993
416498
526220
676213
771284
818234
814059
104210
149319
970980
38125
98523
682460
468701
162897
833849
20422
573452
788403
80214
501684
709303
482272
19551
520540
493463
777541
850852
739063
685577
860852
190813
628854
91289
732083
162039
920491
568638
870633
95144
770509
766338
97566
202240
317021
546595
973538
678016
926708
342484
894114
517970
751973
195602
806371
598013
668471
326529
375271
853233
32255
98761
120990
608509
319274
266264
346678
805096
198409
659207
680285
638035
891324
697299
501846
934479
28555
567362
93956
227387
597266
830060
446250
478662
199445
824322
215160
89205
495231
889861
836671
358894
75755
145364
469635
315081
491782
484574
501862
704386
947137
791622
605090
99944
72319
456742
849436
126470
3657
38656
126712
185693
855434
853835
841294
315196
836169
669992
415933
946103
149646
119234
91368
709700
906800
938404
158789
709471
737594
733533
334379
3370
302589
567761
92385
443829
540976
493441
788486
575144
684817
3976
587208
306378
911345
877871
917765
413469
556272
637648
857083
880766
472758
832654
722980
349886
270263
478156
84055
458008
562591
629069
675185
502572
10347
917516
291903
277782
516101
142221
597268
191826
307709
655852
110573
677043
162613
639174
347196
399311
177503
170514
361118
930365
883821
468013
44144
867385
429394
848185
488064
655434
116565
50954
145503
825025
965534
813675
210916
888521
71229
555240
617863
299467
910754
681698
806661
760358
647713
283940
626435
864052
482743
976629
351482
840986
744528
30790
253569
764379
699050
214984
950700
892784
742002
546370
890792
918400
344531
740088
488886
489618
592555
32873
398078
181502
56075
591892
730730
25488
273565
801698
148114
458068
840884
537210
467845
325218
428087
228520
731135
661980
60514
555089
7573
759482
255171
390046
742312
498336
608247
9159
711963
218033
592821
836478
862444
532217
819586
359832
218285
947668
738422
315718
5451
492632
931113
899703
552641
392214
870478
171114
446733
510866
112533
156072
443372
872800
444268
675294
509144
520670
363596
257662
947831
868312
75707
976810
82148
2612
860432
172495
958752
328301
540873
973236
782719
995939
573393
325797
327428
786922
465327
809392
4237
382575
656230
485282
813513
232031
37481
926202
905978
188466
481433
411716
270844
814943
205236
574226
536093
289405
895998
449213
994111
409143
172025
49644
256112
725128
820463
915206
676400
123347
123414
228109
152160
160059
153171
873101
260434
970097
908071
876339
36099
834903
342327
143748
10658
333364
886116
74096
240712
12241
312098
391252
941760
861057
562235
226633
534359
396279
91180
189089
503841
511456
991087
355727
24698
137663
303189
491173
659929
939283
656244
589241
821991
961715
608440
52432
922562
260415
259783
997287
872717
743381
955418
792601
828016
272822
938733
131884
719011
699594
249269
297953
674981
640351
93761
334028
522142
144266
550292
166931
217326
604768
427126
209821
556830
515812
656423
653196
829405
530377
91257
910191
497506
167356
713778
140837
315504
139279
204175
107622
174244
943351
46772
933383
53257
866726
8040
607042
813813
506408
597467
769623
788717
504648
629005
210395
641085
382713
419121
571107
674757
981687
962408
440667
971416
193120
161369
100554
682730
485196
462417
718441
674793
381824
140279
909908
966225
346663
285154
317157
244104
454102
605382
38812
54281
434627
767828
560670
165524
878988
881413
633393
622261
400843
945220
729828
916814
316874
616249
824495
163201
283815
607255
911551
275242
880718
66520
620799
415828
614997
715953
446112
664303
493579
964161
645107
391230
69874
817492
570309
680374
864347
447281
260798
376882
833136
220592
241985
188096
552371
183884
789358
735448
963193
807764
236553
597179
730731
52575
541017
643406
701333
747211
807749
906430
898846
252809
764569
858840
390220
864733
34327
11065
144053
122153
445866
50172
125335
717687
835798
684676
196011
803815
764140
232965
120419
934210
255433
833385
899110
742764
664804
425478
177902
109070
773957
851630
887714
949395
551443
321143
683026
341593
348340
240100
869161
128519
500226
993213
228568
730165
705265
447279
566158
906147
281327
479659
136272
773601
122669
96192
641820
513595
582463
834914
205251
490409
135712
765574
174438
316254
114588
752141
921783
747920
156627
552743
968621
272377
122324
639292
510023
277146
652255
765417
973435
516178
177819
509829
387636
137842
38758
174865
187347
438827
385087
618108
316316
578893
284259
369924
96110
514376
669519
709212
460518
213127
738484
122392
345030
479661
119248
661681
564683
727066
200687
63973
792885
620337
839157
684505
78570
647469
756579
665773
497249
525756
390876
935055
559881
551478
583900
30874
210003
861757
173723
52899
394369
851560
96815
441920
173848
448756
939176
751836
561514
575000
998500
831980
744908
611353
248961
835772
550257
844333
675233
767315
55195
292233
127325
171009
566653
944195
676427
206576
544883
470445
677960
800335
315042
665083
149277
883627
314683
441032
279459
616171
832273
870294
314407
929965
760830
925503
628521
9
840580
208024
768031
112536
487811
120662
48524
90352
909268
380274
744968
280639
297470
53620
139224
929558
887470
779683
887382
262290
105481
266649
674564
534868
851532
757521
14138
914546
547246
914420
541615
857683
606498
875823
205464
42437
119350
360511
696547
884764
687859
223632
787241
58925
707393
15431
901104
290835
740316
248554
656169
838977
593443
274256
51415
937505
216444
300832
934309
469298
147481
406757
904219
112031
212641
635297
162819
343667
573265
713596
825701
191803
307682
281755
578980
318809
617384
544250
187758
673362
730940
441643
160345
82974
315511
139539
470931
2737
640267
69627
280770
825274
274700
891988
367904
555685
618267
87938
734488
14957
396126
353716
685593
580719
814575
140646
759670
610466
887886
480837
985264
465973
54643
646413
316485
421876
44129
732974
230060
1418
971971
18862
837785
367255
77067
90441
70551
665069
489032
165469
18098
826906
135260
487502
98685
728046
852985
336741
160329
865473
664556
647398
497349
266418
869865
982882
647030
629635
105117
675824
594836
523932
91062
607117
667334
886082
247131
268392
95478
74267
238282
615108
199961
113870
181578
59797
645454
697274
834687
373081
671474
965084
524767
951539
830927
328504
989735
586131
148559
628839
680549
442054
106554
181189
841963
250118
396785
79667
929510
576735
991519
289337
501251
320298
347939
493137
266535
569637
492079
821032
304224
787007
837140
133937
737793
720208
574042
757913
399138
27427
765218
197686
563721
721803
536385
558691
318271
84844
434904
34347
621067
273539
559068
623672
975394
535018
821018
487379
18163
455805
407798
536551
775562
954765
875143
396018
665583
327811
885731
124737
556845
76928
490639
752199
960435
369055
905085
429125
680302
768743
421811
68236
729127
687607
560843
99970
845016
719136
193491
722886
573793
480318
99841
498856
767677
802562
442415
572145
409695
222278
241771
487389
700513
906543
169441
321365
21470
793440
270893
832582
653353
359275
600390
920577
339019
976337
677999
361553
18718
551810
484024
749479
800411
55812
591420
862275
54889
286286
412016
998397
578172
314717
64595
696436
768025
925551
625512
668006
661729
606475
809067
314974
790771
866891
154525
84342
42001
338058
124642
190412
684051
15834
748301
103139
34402
269777
225006
37687
973199
689739
883727
414164
212600
918601
249828
871355
185601
839708
306548
420129
321167
932284
596860
887227
302491
789007
573303
448514
307656
697959
930751
185694
859504
766707
847740
990658
698540
148108
852011
584907
808232
338932
636339
734820
776922
596845
115020
630569
726832
264974
677669
846208
903517
669632
261530
302998
879422
80187
778120
993512
752630
731804
300399
872275
128952
16018
960768
853648
10413
396589
810036
465675
744536
459525
445731
162387
616286
19316
196793
266805
489393
633670
308430
917803
25083
850925
244215
445067
249882
495334
713893
923025
113731
932388
157034
736837
66844
284486
724251
73134
17969
849141
663500
348288
811072
48176
206632
490847
969774
776395
96573
138449
317588
452885
342224
4005
364588
344101
64764
821579
432358
579441
806751
544618
897189
861595
538264
761130
656212
31578
833255
458528
199929
574149
632086
661626
305480
24754
870508
853344
134196
618592
743902
820888
724312
428957
91321
499316
703461
947726
154578
459852
879558
875368
496923
370922
855030
306004
454503
995530
513299
680812
219921
971033
407613
279655
538764
513278
770267
581148
122127
285634
172555
852470
618415
911816
396575
46619
394194
289395
283470
796595
20228
154228
138721
650865
29391
66681
387512
982567
895218
587758
422138
229819
454853
218187
154129
167723
574932
190322
439510
912122
817495
904939
950557
940494
443732
632036
676330
307566
711432
678750
105891
857736
481719
481368
24008
640341
891946
707867
268205
81570
718940
562817
550655
579522
206632
972690
910437
881876
313214
480910
637053
599366
157594
440651
320188
182457
51298
150734
788473
668678
342016
765685
419798
768650
361619
294289
457244
989729
388074
900407
484140
87442
665613
174097
341869
603919
8355
450990
510386
278748
907877
62432
936064
327734
324914
675053
586795
315640
875145
433547
508406
208856
716439
789964
144542
439710
18531
643125
227996
202501
708398
706383
775662
213163
583438
114445
122741
815689
382628
299969
649656
652217
56182
185364
558400
266796
45887
641844
730807
410172
741660
357392
709531
469235
464071
496445
534044
237262
986398
415855
664975
708011
74088
40298
141479
911814
991646
123543
356921
773596
103987
747361
995825
837261
684135
920135
524371
430448
570506
924129
22594
235667
30660
10105
424477
262562
635309
388334
426916
401891
134833
378554
230445
346243
80428
133192
904469
308329
652836
523083
522189
545278
603869
867931
547928
840676
358997
193074
678054
663622
431415
488259
460334
669153
48168
539524
442212
230356
24432
814559
356888
105503
356780
975123
176413
19892
570665
106467
127649
591210
780964
714493
122037
522376
588417
427485
399424
969006
964318
569448
247149
505233
612359
722902
495619
541883
45368
469140
187745
578729
996492
230646
647961
450935
162762
595515
732525
316992
437294
477333
727420
250486
208209
212589
22329
131299
714267
880617
811465
262931
184296
612941
570794
28411
356676
413028
777768
676136
6371
946543
632934
415333
695878
53187
389570
562865
773390
661596
190606
7437
259260
685842
711135
208306
215971
960681
341901
898562
986991
729304
167641
251527
846156
368643
15716
369159
505999
762615
826625
977545
359508
7420
549038
470806
350382
854732
799040
642394
790201
573095
17262
963893
533478
665
87419
160449
765499
134734
682305
864065
385109
680812
778558
850125
646505
995833
440500
599158
362399
437591
80156
78882
704609
954074
50537
493939
640808
704610
655130
538530
195030
650227
953493
121036
710050
828055
637179
520965
894583
709315
938707
70431
64752
790468
841530
59263
80862
209569
933513
397414
548343
947112
597009
710990
807697
755909
314767
516956
795325
549295
811835
863760
882085
561558
744839
843710
736797
383230
272000
183078
775455
581942
197773
253345
778877
464523
702648
987538
822394
594591
748108
622128
220709
836837
887532
136572
113788
973507
569404
813800
348275
742790
454513
645866
557195
298300
512152
49817
609580
192649
656676
358737
932544
898579
847310
998186
527473
496351
361028
192245
852845
674907
28705
402976
452000
419670
682859
683632
730079
300043
544505
324575
91492
954913
621961
294329
885434
955369
495928
213858
365965
895427
774222
319401
446782
505110
455135
48823
289806
313315
533150
226028
115658
540084
466463
236328
49994
327128
828102
35678
148909
357633
138285
118830
690430
996003
826396
771053
715158
58688
307513
816881
635623
682983
317679
924382
4999
892776
415057
872579
816128
321791
913319
531798
358797
370556
714282
993214
425484
82921
435984
264068
162791
325257
327823
834890
97892
75808
375121
68179
146194
582005
825947
535318
783788
531055
549500
497879
548458
945398
16236
71266
758943
233829
312491
54987
119900
221907
43549
241163
582506
911110
285908
409070
94410
202809
385063
399820
251922
523047
240307
174742
65312
292881
883460
833307
250999
389800
7217
462430
11850
736287
62546
91413
445760
256174
854261
833004
597785
945748
163919
322688
628328
929502
51908
924768
785784
341905
471339
209322
464698
81227
21124
368998
629734
175578
398714
180989
589967
88275
941145
808196
983835
805086
79648
948187
827628
433817
98315
493784
762084
586299
654595
773666
925863
161815
688561
432381
180793
712199
886114
564518
159868
60857
657056
834049
89517
46325
259545
843246
3339
64927
416471
430630
729644
673223
394824
311545
693368
51100
119571
532809
652470
251584
452441
748610
809020
447498
447299
415306
672662
152112
966275
644123
389457
17890
388092
625340
943302
329569
153987
164788
917274
960671
255651
150299
930806
945740
801586
88120
324530
837116
794866
925938
145780
130215
111910
67642
128309
935068
939328
314000
976586
982988
195090
767121
410659
111883
106272
281231
507697
964917
57218
35415
91166
140510
255239
362677
831260
727069
876971
943103
650319
918691
784687
163041
47933
387239
430495
980071
909832
2511
451223
674239
29433
226613
32087
410915
953322
855905
565762
145535
442205
270152
981300
524978
847538
154022
689298
250391
999662
448458
325145
234696
950575
95565
545390
625715
864868
675633
121817
780451
252194
490180
549707
424920
284714
13792
569580
896275
557555
467833
770170
147023
606566
935255
890072
127069
338259
13515
718664
776101
475590
298984
30758
990804
892334
715824
768872
672456
794247
62720
369295
183279
811486
485771
321594
565490
330103
597397
147165
868075
457616
934997
929772
738035
55292
751292
292785
431826
436817
228199
594781
505628
536646
510112
331267
249822
731775
905813
816208
492765
143126
582852
937059
870573
76159
972208
916140
473529
744362
748612
343457
645883
657093
423150
254906
965420
976858
91890
781479
728013
944283
929338
145092
852799
73660
382554
804546
767739
33394
408895
769053
798800
43460
918293
391633
956529
193222
538669
681626
236893
545223
801510
658210
783036
948551
577777
654297
836124
625749
421037
937058
720043
536302
20601
318448
982498
395819
951459
371339
765723
458493
288320
228542
517390
346384
485631
545629
739766
260002
186394
788999
84275
853900
354779
447016
428416
825679
999578
447487
543467
759383
600944
610392
570822
454219
684240
796239
102076
709053
37298
239519
222136
55301
493039
929613
931866
371381
363062
727602
856882
873565
860897
881086
157746
855869
743902
197871
910386
968960
128775
513554
42257
36992
85706
574649
232839
658521
325829
262672
696429
671037
474502
252615
707307
734019
377907
149388
806841
651803
441182
429242
695173
844611
536393
602743
678051
872886
217062
296779
887752
379372
223025
440685
920155
431441
740258
594925
320866
316322
585896
281790
872798
329971
714337
315247
591704
757506
718039
978771
428607
545719
930054
247328
46077
968589
956163
790217
122183
51657
766412
418377
605161
638009
912554
425052
274387
193275
385931
245087
981395
207001
4870
501770
379867
424953
725449
513530
460529
211820
780781
191549
472679
491536
860261
801657
475559
632557
367115
95118
87430
603312
823850
258716
235636
778914
60804
652569
569609
349044
917777
849159
446012
627600
112204
986601
512239
756962
143334
649953
282621
115420
873307
542165
885591
834195
196948
650551
810659
854534
77952
287552
626155
724868
103864
202424
266719
161281
254178
150603
818441
888733
902042
336285
183338
593919
778206
256868
43567
657693
828221
753395
859127
719729
509273
638806
50334
67705
353
475355
25136
317689
731844
963680
577852
552525
76968
240780
639684
504953
878573
830636
28461
614877
85364
573461
14053
266295
687735
205285
811868
242741
121560
498427
857346
530374
500208
812068
230410
231430
759514
367931
822152
912116
91092
979249
333793
677106
475477
218722
725793
512431
86659
362976
361033
506736
826642
72321
156192
664215
786330
473934
475591
675162
958907
554596
395641
662640
385537
168552
794031
808798
971951
639518
706612
219174
372495
284430
198276
968335
581719
90563
66306
368758
18098
810622
661954
499426
10001
789831
159018
82683
83291
83607
678833
408690
439469
25350
662856
335598
951432
705415
754828
303055
680154
585671
981953
871287
132628
702678
304065
563321
792065
271611
646106
392373
238673
256635
765897
610420
393778
415260
794213
193631
753819
221373
237005
662278
800849
725946
135757
163769
330089
778494
673899
333467
879551
743708
282656
882312
64883
705302
354928
344830
118960
518673
205812
496076
136490
756268
324075
265494
236611
721316
56637
161249
654357
804187
329534
359746
172668
247116
280663
844996
641886
62755
380304
956630
67795
848761
307625
243917
13574
363637
75665
860346
908114
242535
583798
61358
308769
394164
390172
331501
108214
708997
464595
136262
377208
82730
456414
769045
915411
499639
883320
658912
274611
101174
109104
661691
634019
618087
324216
248605
45394
536248
304299
958126
118006
735530
914183
705140
381269
26908
64300
214815
587245
619199
964737
592889
434794
422516
722663
414007
532671
756982
662774
827813
213479
680870
170672
897809
488497
786704
791213
421516
281410
333587
860680
314207
488491
451718
637682
959712
892773
145157
238207
656697
354855
674760
276115
736509
300785
150840
912903
902374
44214
301244
353121
527401
788063
158819
649300
932802
567103
321062
404153
481493
138314
407559
904534
171252
597335
116211
41541
916356
546100
619852
868414
396040
612119
922135
992875
190075
810228
329679
458032
256641
207851
320969
499431
720071
533224
499949
900535
578175
139320
264374
549295
319002
287429
530457
92604
613091
316592
986635
533883
521670
514614
317088
229099
420305
340407
100186
527515
698657
874983
317924
986187
116611
961489
429484
186625
355784
518382
456560
698977
771525
999741
741420
423619
30592
850778
70996
374998
721974
509841
917256
98809
823821
586521
843656
610359
836578
493438
258915
472131
23729
128138
429302
346518
439451
733104
326400
288124
216778
895554
73826
976709
787835
537311
455812
992557
641004
399195
315833
412112
599743
943859
331355
439725
735713
99658
386642
570239
462618
424600
909959
264546
241155
934317
301340
294022
113675
673878
150956
859915
571388
998098
999950
567868
476272
471245
105068
341860
218458
74100
947698
840517
964405
415518
90926
932717
458210
351539
88709
300442
823926
84998
942193
141234
489016
543541
347186
570099
175342
804548
281468
200323
641267
852458
12818
380675
882263
355017
824977
905645
102063
912356
465370
58237
205303
847657
762699
712547
701545
150267
262112
786243
978070
47392
611628
840515
273804
125674
192804
191480
152260
117408
630372
182260
980487
431586
599751
893598
146884
901501
136230
815350
862278
958379
190371
721015
627610
652393
842333
358229
629320
284373
763479
469984
174197
741733
171479
172406
247420
930858
781960
718029
410954
847091
818953
874701
242859
96278
282280
359159
807077
833838
892264
20013
66375
477138
664895
239057
828331
772321
29696
442048
701469
914168
382575
298165
323265
176691
770858
711721
387312
226940
7854
399748
819941
645059
290430
318843
909439
134912
514200
735768
938229
478238
945222
868859
574399
887745
971211
705220
925704
529310
281709
676313
217763
603838
793972
532236
484754
953589
297116
256808
583290
180914
650300
367167
854197
552743
102878
28866
350368
391141
679029
250960
387741
335400
305486
242221
735563
901257
747585
719081
756743
700836
815994
712533
727339
368206
208770
491891
260703
721952
979677
637696
572147
99407
115047
323451
680472
219892
979427
47718
397863
978530
475804
930472
222333
61876
344291
20238
474889
909359
662306
268853
296889
247307
448981
972423
311336
536579
584075
867648
515281
700834
209152
323138
655805
614376
707642
35366
131352
81188
198186
497960
201607
344254
972087
53862
225817
831979
106864
548767
660288
140255
180474
807919
146250
941228
259824
33681
173599
809235
433534
46115
587219
209322
764497
880927
480018
81037
251925
654692
822505
130508
343648
888675
293776
878791
448089
488744
689962
737418
329331
457475
247554
481778
454203
699892
915955
79826
137254
635413
660893
112665
681103
886345
302877
724696
314477
754259
252792
640381
929048
404242
822089
864356
908748
553366
272873
999604
524953
273317
468965
542630
479358
456632
34422
854956
917771
982865
558990
504984
989981
755804
409226
836314
581814
891990
182092
209894
706214
38087
831554
601704
869262
331584
838614
338157
816581
186516
818400
782992
604110
784868
214662
72481
743089
826749
427018
24498
324443
836585
882503
521495
457262
532143
413637
51308
814149
562484
359152
103507
948897
290562
605608
982271
784308
152346
223198
110429
327389
241455
742131
675977
102577
889433
106687
330189
355557
411053
813837
664106
195151
38236
771762
548485
135614
480972
878503
314741
568788
446639
653907
422219
239591
397062
606905
778062
351006
374164
913533
66608
573963
225667
575942
958440
787288
832465
727964
228960
596570
48066
990738
771396
803031
249627
279374
426626
682206
470049
829158
606227
632725
901474
712280
922645
332318
98028
559383
648743
627529
491541
321649
678341
153255
183370
975685
253116
600577
532893
570392
275713
659995
884014
443792
849733
105484
131353
389591
933200
797614
683416
860920
41219
424068
404062
403761
592358
356284
386422
987612
176662
177341
147845
405330
488926
666826
113949
451619
87175
721432
589960
890428
679225
556481
523838
143976
423300
935395
336422
913212
894916
145199
389821
720445
54103
375065
284419
636476
469328
895627
721541
746067
19338
206193
790032
221418
950934
769484
589467
949736
929168
387627
778162
496268
783456
490569
845252
248325
733990
106226
887386
146940
187529
370007
243831
211877
596301
563615
834936
39549
249348
380110
841662
902778
80217
578579
187765
838824
623476
842773
661263
415206
699543
418575
295322
285169
942191
998823
739455
103186
977473
381965
722223
745116
220544
257513
381919
109710
739068
769638
408760
756196
47685
660497
483173
168424
230438
660828
887177
183302
697807
509689
756163
782028
935299
501808
9840
443328
94894
2313
227358
218492
851402
137013
716684
657058
112571
761507
96136
275519
831342
113708
462285
388657
509496
3791
212089
152074
422667
652187
762793
292284
726289
487194
461137
222584
959148
486976
686306
531745
22585
614755
937793
966156
188323
559526
689066
680529
875294
473978
712730
221026
313104
417799
93203
382613
874125
62833
488276
614073
73812
33636
550045
754325
880701
467282
946904
595088
918564
226278
161616
146628
321234
721324
751722
252119
791807
769807
918213
700152
734560
90710
454224
469905
768526
733622
169979
596893
695433
109716
125583
902874
505403
635009
965542
269511
936287
811356
638933
269896
565636
971961
192428
547390
858063
961389
598135
7490
793648
789400
44898
385919
527825
569151
770210
652631
734721
311659
413786
847206
749260
265997
521989
458521
204248
9049
327742
738657
244219
878408
175974
255719
765951
721828
801904
687936
367098
849308
769988
458947
297424
883350
486383
482926
327630
242103
870609
199869
824252
235444
350563
474561
561790
494439
64192
629574
72745
114388
548930
602739
876242
708925
699295
719055
855200
426357
138546
77598
310855
271079
853855
324461
283598
789996
907976
802686
1915
609973
913754
602304
927462
136007
283145
184070
696679
478873
534032
330607
755057
782313
615075
437739
683794
821131
753538
826007
254318
691996
805588
653810
629864
282949
37614
628208
842769
95319
584534
872070
621278
878555
729720
851426
272865
454004
388101
932390
173417
237685
223054
872584
893353
288118
474376
435447
349239
938956
7780
410228
116816
602564
513174
915057
323510
554554
177758
839065
427689
24491
171581
712796
563587
555510
572011
387014
98538
829725
688399
826954
198810
707422
767936
425751
538304
640610
673825
378219
683695
969929
309389
595113
649845
478412
559070
48938
56832
2717
547015
648027
403696
714504
175891
543997
159673
903550
774706
742000
315290
234952
660693
294234
915849
810741
649615
500229
707424
338875
235596
25912
330794
798735
926969
575463
666916
956132
878599
961947
950731
37117
961870
143692
904387
482963
739867
541538
454337
999203
94385
263862
259177
775765
16419
93853
635265
630081
302590
345316
600046
566268
679035
344130
934647
303466
304234
605283
25726
532407
64529
454607
644706
555565
234690
944953
44364
574564
596837
555051
170532
18313
702523
797467
541800
532292
370404
282880
927513
321654
279423
825557
167324
771264
933935
800125
603824
422531
483529
919356
439413
796873
90473
388451
729286
710366
245699
366924
997328
954813
601804
164129
79681
895710
366658
821330
574428
993401
569357
64810
48196
736599
34654
208450
625610
422127
541322
916078
520528
684273
459971
111477
213158
496620
265212
928562
959904
4863
301315
479889
612068
210967
418491
188526
500123
725698
471750
318096
917925
595707
224400
646270
818872
772463
916618
442170
148302
50901
129333
143274
777350
446042
462044
206419
906757
646753
424176
241166
348552
324046
514664
311448
490708
828571
284422
563513
42459
860342
549237
459439
76292
770715
387820
835039
417286
132344
908657
678225
503565
319401
338989
348254
27242
694043
796827
616209
386830
584393
657489
977882
481108
876849
578760
352748
806557
628514
51669
51546
577384
170054
642181
501411
829925
841253
861940
786404
547474
862417
791477
59726
306514
548053
573424
190164
448771
765098
534440
233732
809734
602505
812452
566513
326956
730787
538506
736931
801337
644842
429648
821948
225558
630832
908717
906814
126481
341635
384419
486664
362583
609665
687997
571586
26591
436280
660924
687579
689812
904139
371098
505227
30489
779561
153921
694776
591673
930743
685368
698925
991723
658150
696456
949853
876064
768568
286093
749202
241258
403231
450750
819791
838433
937015
736055
741093
195980
321485
304301
118824
590532
735389
616789
514739
118797
311742
788453
345594
112018
334254
335916
936597
45707
456248
742245
413600
787245
322516
223653
359958
279433
19642
576624
38698
29276
972702
109119
474563
474691
529257
564313
180689
367032
870197
753326
951399
808646
191293
257457
928689
718521
890714
940530
672557
872636
712719
88072
422650
114390
969714
775834
944747
347911
580980
831102
438516
705639
31352
640530
409136
781823
947288
428359
127677
894562
109747
846819
4364
199501
299755
83098
288123
460034
988802
238071
952722
74929
891907
170149
287146
758372
210767
92721
71717
860429
592627
789901
510215
720069
733468
947830
93639
924327
613151
148537
969618
629923
992800
325560
800982
407407
9653
563104
59730
562636
733738
64276
854726
528785
121628
462659
372339
781883
812321
76549
186209
937538
771943
726315
423072
200467
539024
422695
998096
654381
461570
461061
669724
591618
475186
229908
817659
99202
902507
464619
80543
858753
596132
799457
465891
239007
167587
713033
8208
959861
975184
525042
917236
212906
372392
257074
759870
692938
234137
394444
855466
419788
304540
488070
490694
737660
637303
725392
125641
467675
195707
857793
501907
959753
195063
40650
168398
800488
741108
944242
256588
177757
647874
231601
695989
370599
781314
104932
103391
745059
89651
336828
671470
996926
673399
574033
955398
366451
791079
243550
180774
15221
434009
592209
193575
839082
17011
717526
651104
434209
794241
830208
941143
372360
367892
769048
530999
744906
493557
774979
420333
252804
671436
487652
198070
707416
42535
216127
631361
26248
260162
288602
846353
5769
350084
770170
86069
762963
404387
106864
848838
73418
713196
905610
884047
672899
648723
708353
131592
559438
130852
978255
112621
115785
730109
943702
381163
51501
423433
472321
127550
78783
793824
658081
415218
993970
344184
577830
488124
720048
959936
816511
288426
619252
295997
448630
461979
965868
567068
386680
848594
901557
620908
701516
598138
190761
481005
94198
998060
870668
96653
664768
363224
610216
241978
678339
279972
684919
952775
471114
603152
129215
431833
143340
565260
695752
972177
538561
161449
374973
305755
390410
684383
257749
485022
418865
926166
696060
121749
264598
764649
876446
784776
413844
324167
21939
133495
819802
661920
207192
909168
860700
396076
863504
941065
856906
638125
197630
613490
477306
629278
61309
600954
524814
2273
222819
271927
529367
186197
47045
308951
25167
28299
503362
689972
396442
827417
90434
285731
978329
463009
308710
343520
973021
61529
460558
77439
227870
353423
5663
20287
385855
336107
366712
392708
202855
724254
997747
542047
899502
437109
41355
119311
822643
545086
870843
852260
295412
855112
350706
275893
810579
898775
120418
573801
922921
390237
104614
259179
655439
702177
71337
671597
626933
348750
654496
288654
61801
177174
982580
324257
485090
422254
898663
952798
451364
49077
300819
687239
579383
646057
800045
34579
870278
612400
121789
172892
617784
453168
469952
975897
136672
995470
826366
500704
222850
345349
662141
70037
263877
699595
897684
754127
692562
760052
599925
541374
815713
707997
579813
58768
923200
296535
561823
225192
426090
876014
745268
977563
733662
343120
601180
266699
984691
398156
687120
409282
131664
205047
571639
575220
361079
425353
870616
372733
147140
917467
243874
293510
894369
775170
526507
291785
355953
870053
98478
549598
754500
201732
55154
456567
479141
842997
244470
150467
990851
744796
501528
753642
581749
66858
139296
780949
208310
96357
524953
437292
955196
381465
335684
531148
931766
177707
506804
634204
343105
91187
168923
18169
539984
954472
401210
187598
977836
31009
303811
315972
764785
593906
360835
660115
856230
665354
515419
603014
60018
438167
884379
390130
416855
330119
290722
212160
44320
768718
504205
145125
934823
319778
87096
614831
115818
248122
165871
395818
468948
878938
714773
603344
16047
809620
444913
754713
69617
11172
451117
96298
969588
11693
593626
969643
760133
403710
679096
464285
967616
167005
594152
925807
232570
744662
883369
633142
762018
245858
599075
443441
760513
595010
642443
765342
256595
873000
393108
279051
534551
873605
169636
685411
966580
59223
11236
94687
238258
224656
905075
403051
813200
489783
642514
853717
741478
8249
713522
145205
903073
571887
304170
638985
929230
331916
998690
738892
395020
535841
826576
98308
338821
771412
164551
640855
30154
434009
891106
549369
375226
279344
931466
944323
286043
517256
743223
290754
434939
352446
176830
474461
453730
557890
529802
587785
55339
302611
461137
690162
29079
365536
460763
123456
571231
212068
455855
856144
51360
495241
521621
591095
945885
332203
518090
506932
596204
320834
254703
734717
983264
598597
43582
330070
367070
227593
610811
271586
870436
945631
666093
573135
648213
348486
969998
968593
581950
248052
565611
275776
615376
385441
329389
992081
990330
909618
911044
195128
344929
600731
665221
675004
185387
762204
842880
756913
473567
438230
415600
623752
45291
993864
894584
268329
850665
549247
18329
146380
689557
364260
430312
200908
110538
98286
621362
583642
978942
319179
175668
601783
924927
572608
729068
920030
471248
555404
221283
991552
549030
825227
472293
15516
304412
943400
239200
211366
770302
933571
823215
317398
30749
8191
273849
302217
427882
620129
154877
397243
386260
810937
448070
799012
80486
9356
484242
232685
757524
556567
866925
286626
195868
59283
195514
209910
462791
400438
605143
918335
658090
74852
211837
809376
683080
929809
337290
729030
836741
874108
521742
864317
677857
859735
851834
592728
831280
462624
121463
625310
30251
341286
412163
44992
208242
92028
457849
50980
710663
96724
697753
496885
974065
499857
877058
831391
717730
667630
956722
831981
363165
127651
306166
772280
704075
474205
27573
986466
765636
308845
761340
925301
350778
263855
132528
321270
31197
419636
903166
458863
293769
695155
258040
942912
973553
430970
762834
181226
128911
263217
347710
666248
351621
863277
471141
15425
187532
473638
131862
519796
155981
607802
890031
205645
618135
54476
445447
764673
762570
289852
638483
573406
423981
193205
148015
158651
308406
504089
601107
8773
215983
116506
531954
319770
752363
488953
307600
359536
255912
869844
796161
993049
995303
906670
335706
97752
142385
140686
803778
604024
507887
250403
402358
171852
663063
723382
992149
283091
525082
451904
342375
721965
718680
460738
261728
161388
176756
782721
763502
300023
784398
852776
780511
244663
228543
115266
64937
108270
484366
429342
842144
769424
688043
905956
362764
676177
862773
191758
215288
841712
440121
270693
665977
201896
161209
425447
767812
308065
534605
845709
863704
267330
953436
599862
52358
341586
128722
311673
772025
748237
400529
552850
94773
469761
277856
112069
844536
304511
19270
724572
518252
838541
792651
874248
321220
762267
459729
399420
82824
720994
320687
565084
169988
436605
874721
706722
25442
986128
304052
658395
882807
638256
547648
41165
141113
909600
918110
752748
254227
722211
840428
354845
677441
183447
947781
523452
986763
366905
809597
487239
12157
980695
18869
269791
925421
540152
173791
283203
856761
467980
369509
538449
338957
304563
900392
294024
697508
967168
430881
583088
904842
747455
621578
527679
223114
799824
635872
896192
101248
25476
519284
801416
90897
912929
726674
812260
185717
9459
517359
131741
70995
345592
944306
719321
97614
501592
821190
725422
499959
277805
207467
991557
428265
28951
166057
802934
116822
432207
373147
850131
926066
363938
210140
934155
677786
462174
705298
459926
776622
258692
513778
652420
918531
89470
946020
469886
14394
523066
960329
243497
549717
23271
79197
62109
733460
348373
287492
642394
151847
179952
774551
826028
296244
121578
414404
155787
204314
549740
249086
983347
471131
238042
486929
552460
932391
756412
231197
345867
849949
13460
652433
850959
241665
930902
90024
435385
299881
129186
800877
378989
607121
234104
269000
177220
467483
185826
893381
160588
502570
318813
123707
693898
521392
681817
725345
407283
839741
888290
940991
688535
662836
613779
492367
319681
578001
245044
84638
494440
600811
254819
745780
115945
281473
533764
607620
963452
978755
220894
878112
115682
685728
848955
216249
414498
12796
861169
415135
9360
526463
289150
765896
106298
657380
654456
655702
581940
492731
753946
883279
416066
39435
972433
592710
985964
558607
843425
501521
263275
240320
963626
613865
218670
22130
591822
166438
390539
82128
260554
290304
525331
985273
864245
855009
481037
14544
416575
374905
588157
332436
183690
142378
848452
634410
775365
752541
918576
339558
667362
731809
93677
530679
253414
156658
819466
952957
352563
94825
76783
429553
935340
718472
40299
36348
306503
277882
879816
743981
187411
744622
7740
690997
821202
861011
766307
24472
479475
429717
871482
929434
58714
228656
459585
293252
416516
579985
664262
461024
853813
686782
17636
239381
208081
660340
861528
366333
671335
923989
64432
546137
557803
162907
854113
421246
447066
686513
805788
801801
379696
22229
340834
390257
750915
941193
725606
59398
989873
192473
501928
617768
437790
305169
264086
415823
864184
154020
769150
106538
772574
486803
481985
294631
994621
177429
527889
108044
392657
74688
387994
23169
138429
327227
31090
60996
328476
308780
273079
67570
382860
384428
417655
327180
369187
3468
955390
643100
818715
458968
896491
771985
418346
528604
684254
664263
990485
425306
342634
865527
523614
51762
924318
281228
869770
933519
599280
48620
877545
561187
779853
747285
322577
509439
366219
254213
511488
490363
906894
631533
384018
977501
747817
578769
742016
912694
973670
72430
908432
552136
951354
532200
412907
399601
459038
18837
538053
29772
116861
517245
232727
839912
738080
693673
606255
587115
413175
112300
197545
823067
827384
647906
380505
614518
625121
502209
812420
241251
872891
393146
618653
746125
704188
34757
220983
458953
162570
243476
735522
160940
561592
846124
899843
457113
404485
817659
317290
58871
192125
119511
245150
144488
126489
909592
573735
261850
557507
428408
502673
699473
840911
485713
188835
718248
2647
850686
715261
877409
955109
848302
271056
620468
70413
891991
392051
283421
752560
558819
803782
483561
862242
853494
676672
79642
424503
383701
530293
485066
937161
861272
401603
871257
82187
815305
190900
331846
974133
292363
465018
971632
559611
162186
448436
552125
89951
117933
725236
662115
287368
566254
287130
855045
467722
221436
441026
827254
481831
334073
432481
99661
408327
618569
168423
873355
992758
794059
306168
353850
833583
53206
988998
746325
115278
840618
514230
532491
153963
512084
566633
787480
642829
627498
424290
994951
138089
185839
566453
525746
55129
328322
517145
128473
692413
668829
519680
144805
462275
488432
842878
30630
777514
827291
662038
806544
76950
611864
807454
906012
23385
858374
712345
663115
724175
815046
956440
920954
913869
335778
660137
609037
61163
663152
660930
876659
567856
57738
521495
82923
948037
473680
811122
445576
557366
475179
71363
568903
672100
309810
235231
806421
813861
295353
485323
283491
531798
362729
652959
773956
599909
755109
219996
571671
518015
473644
579419
220653
11005
718743
2535
518562
810847
652207
990554
456407
905993
255402
293405
138372
210328
79390
715346
227175
702738
428289
692795
570910
258481
945829
555677
681989
126187
830911
189370
893582
429903
515819
348612
897632
736328
239751
684861
266602
650434
919547
222455
969188
128518
810516
93024
383915
451343
134084
690694
499162
485090
290439
181628
389813
111682
65814
176238
399449
949109
791305
979701
151866
837779
646312
168800
832975
952742
579159
317905
74953
499185
278478
924159
99163
33338
779997
44894
257269
337353
849337
293371
217998
270176
915913
641959
889984
624720
922825
621331
444123
543091
930148
162326
465076
707696
988968
34401
654838
76989
6815
895412
477694
605086
366877
56520
542064
876871
107929
394304
152366
270351
775450
7786
339020
470053
624169
661115
461107
164969
31250
874361
753636
502911
99174
401370
341313
787400
543779
283043
662067
69930
118099
203212
456422
901016
573827
705810
875644
958426
654089
511240
87694
428895
751587
211415
749837
729102
713773
368013
662983
969083
603232
673379
978263
580102
651951
438022
458826
694098
845480
542683
19591
436048
962680
151866
272752
51038
999701
752053
812250
501241
930495
856004
599340
606450
914583
604409
934982
3407
101054
27255
632478
18856
520395
657914
464220
164397
802402
73650
37855
43989
337817
831687
686000
19412
336667
455236
624258
470158
479916
404674
904506
927402
451778
985526
738405
180450
574424
129290
167674
342509
846642
689541
721689
566186
539837
135981
164206
835401
972233
111425
877000
395316
199310
797318
678668
885528
802627
278959
279416
124920
162012
242722
189302
127094
478397
826742
877742
577775
445491
731213
595149
41657
356366
708405
208213
712846
249445
396778
202619
243463
393479
493236
236585
624234
704914
355057
287545
146854
37430
230826
56386
303615
822361
112920
966458
909293
904069
6352
430714
137738
185759
798562
721987
678769
905258
4447
688004
872543
889009
600731
501015
476351
332816
761192
961013
516189
616607
555246
460822
135117
531983
479130
795267
223603
648229
485454
646900
465396
684044
972690
308543
600762
623549
559727
876557
230466
965272
657022
875444
136690
154192
802110
22064
563600
916413
989439
250640
824370
250951
199763
449702
812063
885241
328360
192007
673148
775418
766317
933742
497989
923834
615548
955818
662817
288406
457506
234178
121025
169321
67775
260446
995006
145996
630588
355528
653694
755752
622017
963742
347940
916742
581169
186965
755759
581696
810257
967159
473441
274645
322303
733817
570707
54481
655706
916848
820396
520391
396654
12936
581139
394517
60979
322272
895345
139050
473124
490929
365002
663734
780291
814672
176222
580261
64617
863772
392379
550855
834420
101601
892876
531040
138472
161630
577316
294634
272228
364014
564251
878171
113196
168446
708341
858580
257575
831521
265511
700585
412874
202227
757276
629513
996679
797362
806681
983951
294665
980707
122229
317153
531203
892121
754169
807479
313915
682511
881568
297401
832807
472645
610923
450993
601424
657729
173079
867578
331847
934042
555080
139696
128992
101377
414551
479640
288274
938381
949182
593195
317566
3026
179562
945624
991899
910247
663164
319897
268082
681344
88002
148767
567184
439858
431608
998333
776751
609689
396938
73216
912729
789819
502968
969804
912123
387243
780074
615991
668966
590689
34376
103145
122723
409084
32864
767187
775238
964651
451030
116644
862836
992145
86487
76389
464280
587415
244384
391301
517579
980236
58144
233849
231186
444192
235237
883613
639502
667137
534244
736775
302855
346597
679024
923169
738888
428388
248356
265378
494014
915333
746762
94313
759821
486349
38478
161389
602338
946331
544933
738404
403248
693015
922469
487412
951376
500515
457633
381359
172620
531420
566624
119883
93191
477952
730076
459861
669114
131755
931985
130042
884138
893187
748186
548145
74225
901457
239630
556419
105321
717954
957372
230092
318491
75648
605472
341085
513096
484376
39944
72712
695322
683585
206386
994823
65453
96245
940443
75225
19576
167193
848966
672239
562222
741107
3264
576402
511416
605520
541891
658736
562294
313880
452875
939562
570545
409312
317584
764002
332234
540740
211035
686949
872541
60802
859042
809897
178878
696478
562315
963267
986073
632449
553598
295537
662166
743663
470566
216001
227967
574096
378638
195
603628
569258
736810
848945
240350
750324
796238
401011
955131
909849
799535
155259
335024
245343
555198
360975
811451
2738
130366
930495
733780
297199
678571
282208
620517
217423
657820
224176
12124
70607
623847
215242
741394
433121
61065
553902
673735
515617
710578
106841
201101
565996
672306
459115
411029
842418
888750
514660
672286
321430
976754
113717
943391
220765
837840
497165
447912
948878
145088
349674
619064
622146
842073
273410
111362
921217
25714
509075
918134
74704
488757
676290
209903
847964
403671
798991
622534
162225
219998
326092
550183
536556
693526
618976
770448
825016
446605
240559
941304
144396
282986
920728
49539
605640
336368
795108
121773
245229
678315
354856
789628
686909
789670
212579
674076
185457
585706
132319
144160
191236
999328
220672
479501
128008
869867
39749
825482
651192
695559
483104
107401
547830
845226
868524
551411
183926
179028
459754
178719
283506
454077
639220
104581
735692
739589
658850
344570
500330
725161
589761
625480
804804
596124
356320
114989
688057
84399
282374
883728
741304
434328
505667
103581
365388
15599
502971
261617
371688
12394
860973
757423
634364
240734
496496
443313
2611
743357
709516
709326
634796
59845
950773
500110
567981
856996
339075
68860
864340
4241
289800
733533
801603
12137
954517
781015
802270
669289
53569
884970
372897
784121
412100
114709
725939
568954
460040
798031
589871
935128
385624
974137
466271
540068
284648
909867
183906
762100
827621
38547
897877
91218
938979
545530
960899
956535
66534
810823
859491
272435
266240
26293
411136
564886
102781
264192
495887
797058
610442
116415
631266
678339
736962
511788
494119
365566
888488
951124
255245
729129
660105
93456
951138
682446
825667
947578
616525
238931
570625
459792
798463
533452
549346
106605
224473
296258
210219
721941
376792
535072
520548
181385
895658
288481
746615
160722
479729
221399
458205
888804
763202
478000
26191
313785
667000
634253
176335
398852
808349
605774
183766
164261
689390
148899
268440
189341
749433
248756
576634
863043
830878
109963
793854
186582
116227
846447
46487
172563
69524
481515
580310
163725
415601
935599
489066
326035
155947
495689
332814
290920
653564
22524
43167
834754
381244
534536
841253
683182
738324
996668
226106
875575
995463
357198
710818
545921
66262
555089
780572
91037
163328
846100
548484
799801
984747
506741
976952
35
940018
32663
609690
525799
797454
243203
108320
554199
469506
267424
7783
667518
500574
318383
649823
238848
392305
129540
509061
990627
162717
864866
442745
903400
640626
205306
693963
212922
893787
593610
992157
772040
808287
517940
645103
307163
327007
328886
936264
789609
531162
181397
657846
566273
906374
448637
985430
922485
9142
860095
947574
25383
700871
682155
295375
672280
183360
483324
614113
714941
68070
161159
342924
999024
67509
891275
810683
739218
250739
804752
663861
61128
76459
116364
320906
73171
994174
663032
328799
559909
661368
55855
20070
502131
310617
267072
124611
847573
318734
438829
254348
953256
308599
37001
481445
162898
985756
951776
497231
582888
562727
35365
438191
112090
969614
798539
325954
1725
342378
284639
562148
581646
520658
465360
204334
616951
176262
831427
279035
696019
975964
598474
956934
957650
593902
881391
815647
263536
926996
613085
614852
243871
613590
316124
102280
386610
401901
180678
861354
689218
282005
406293
141095
33074
588800
362087
277696
833506
915303
616527
731765
8144
40349
127275
896033
208768
296585
754102
507186
787614
683412
484750
147257
550843
468898
668767
247863
230649
936601
631351
882699
914958
210074
767935
635363
113534
826882
196756
761938
158400
96317
289524
694133
305908
155342
944887
113578
517169
329552
773518
471970
106422
200949
777781
171362
50230
307681
324171
344871
417317
13224
853150
605594
554037
978438
547920
432922
858411
650936
45627
113409
611023
875191
353395
543824
71431
803747
377244
201256
353816
418293
801753
521187
770354
115886
872393
998432
515084
865475
253682
304087
134959
746015
887951
558342
685374
693990
722284
205636
726999
698495
809319
73297
652069
87157
531062
346479
750517
199835
304435
336054
467728
374920
750590
278816
305621
335139
243789
228987
524916
301293
112785
802984
746795
519581
922796
89584
270039
495484
614706
783841
618460
50941
951689
383932
45616
852409
712378
934401
384947
667904
960662
869734
694737
905079
950189
598173
942011
849527
408525
485931
862828
613714
25320
635195
319100
14675
614207
681194
194643
773953
910457
901300
938927
286618
958446
520016
957636
787128
616428
106784
973336
129821
379184
302026
650640
130766
610166
463288
271393
419015
158426
329912
639818
554707
81369
591718
485974
690874
737433
493497
770470
429997
590147
748021
603536
893232
6558
544500
653932
825301
580445
146389
283
992476
89134
730638
712625
112000
521874
625829
138193
516578
6167
231539
835126
594828
390715
92871
600281
616121
72877
392552
982923
448940
91488
547481
44212
699784
685172
407723
31897
927409
558791
445910
97479
126410
620367
616304
818350
746781
226686
417792
333667
739052
859403
684073
241274
302815
505079
934442
607915
887416
179353
1536
340458
711338
321883
715778
566598
825557
318386
157249
684688
654937
848629
534206
148539
339764
393953
236261
355115
400479
806014
784837
331572
504892
523259
526340
841284
526583
406056
349287
139699
702802
378650
630040
297274
890897
165006
212501
887617
281118
283469
339264
655861
304950
428487
175675
565048
294878
752145
73306
588517
679601
429522
961584
899524
691615
273619
512411
270322
925526
178505
706693
422691
464530
121166
449152
765647
409268
293160
540775
829377
715123
484649
686913
677664
200010
967240
995163
420436
936971
117610
542229
25565
231249
763374
582971
257522
108588
526281
69684
527792
719094
189502
597773
768347
797859
682810
933880
614115
908197
407234
233453
408553
749947
854626
226928
761919
299170
453016
832291
260837
421460
407957
23142
225353
610513
841015
131143
37601
299080
272062
948002
616671
819589
106113
434952
588658
872197
689952
146342
978975
472482
332295
347426
514720
506631
166497
988997
502851
938150
687494
66170
561306
192388
638228
701217
730278
425567
749688
463720
451556
237370
470658
371464
562160
795218
147949
803776
500946
961502
703284
448515
493659
788366
321992
736782
614946
800359
85231
493884
596535
710255
423170
789600
404125
118978
727161
47438
374403
905084
950843
300276
10051
772990
380788
408605
520116
537487
579651
106588
157881
907479
507671
945158
632813
970374
806003
490771
169817
80173
73178
344883
253669
475461
105190
44773
224812
210877
140552
10692
9244
918563
985503
88845
294810
213088
78990
520153
707685
158782
759895
191577
294339
479944
424552
819246
330416
41596
266345
839110
64037
508846
420248
99811
864744
755142
92280
759642
928997
400645
350589
66041
507757
675434
989681
465788
712479
796218
48337
248724
383857
939655
433428
826597
799757
479534
578450
179335
674741
935871
208410
134384
259407
292967
821545
684668
242325
122514
787567
23767
318651
373078
446976
197621
259840
392154
352257
850027
87879
536049
303117
761062
6271
468988
95244
779899
323780
893892
871801
293386
119751
211225
202326
947181
556636
133851
690648
497560
681984
680654
399064
919532
558318
546277
961284
467806
77681
278215
352201
180918
537422
889555
195750
676572
584878
900272
769934
431381
8991
707748
26139
125723
294820
221745
132080
66622
962655
625890
25468
255924
360882
164625
372464
881513
103895
23455
125938
369955
519291
881543
241188
240089
72402
281711
465394
498732
859121
598830
739225
179590
65437
305353
15365
783477
805020
544154
87952
412855
990552
731335
996828
714907
787752
948038
399275
154552
739235
725794
956926
720083
153817
960918
250554
985839
643733
995788
279900
456669
303788
29926
891647
506461
645331
74869
949829
557136
996907
845962
788640
4099
101912
166532
646992
633458
633531
842146
654125
197168
173875
643593
639548
581864
703799
181534
455202
85342
699097
715129
718241
65338
293485
505617
76609
171137
228569
330803
743644
716190
779143
858836
953867
918789
149415
447048
878274
617336
739006
681787
788389
604160
418731
12954
933156
584554
72378
278007
705916
313076
204905
340388
361472
640067
996635
323127
463580
293964
377116
350518
683817
692280
367983
500782
661315
105100
319340
689219
729413
327924
788967
246038
420359
641577
960230
461473
54692
227734
363977
594423
29817
242505
381138
193180
741743
920378
655624
456447
681506
802056
119904
785514
696749
78525
156485
599298
714496
55859
161179
451811
787918
360570
124121
506142
558989
867058
93153
403763
839538
115731
283160
729146
255211
706172
705085
152980
431018
358867
66788
619698
783002
894568
683335
878373
41679
676925
386832
723584
17043
833746
811705
380843
875687
178287
235790
420523
672004
600780
185640
256693
623784
928699
872536
961609
304797
62413
706378
236585
657241
757281
71258
198987
210858
247017
66260
760711
656099
325439
512046
353926
847054
197474
535229
154592
167137
981043
966292
543937
588246
864322
513496
332987
128034
184076
193901
288252
119998
608550
555513
571741
4437
105333
232820
937810
12922
444252
809088
248836
281351
483264
772445
622895
695354
405007
78292
118438
354069
254111
619567
932579
645599
654687
882473
477652
978543
329847
87412
553921
335478
866849
529015
402906
718600
508238
733874
621092
147208
375921
546800
79744
881754
647181
889648
370793
819745
919986
64756
930719
386043
524952
448610
91622
906084
589014
38850
596615
343496
621203
201289
625798
659374
699135
549768
65123
435541
49151
96915
16474
351983
656537
794599
584313
832343
495646
502169
497308
558884
715017
53449
36596
150154
574801
939088
892973
487022
132230
280624
519289
217352
770891
10765
521756
498239
332063
614804
394442
680635
151260
415485
959352
89025
427008
160813
286320
95657
801564
264631
988729
596507
966577
965268
484825
333785
743286
431714
741359
138536
842035
456170
755872
288352
854063
226573
62070
638688
74886
781011
761155
994945
463498
992542
826828
418097
642690
138569
412815
617763
376140
732398
80452
472276
283832
764053
294700
143146
685882
664290
461043
156310
623361
46687
822709
245716
277188
947151
760442
474964
957446
363011
692670
799772
675649
607014
273919
724640
977076
51013
806730
793756
749844
734760
430099
945523
717420
629699
180284
352721
208084
498315
468871
82616
3805
601740
596875
302789
665579
104471
846733
400481
718557
855372
433119
524385
988308
961080
487850
770602
469142
113296
752591
893501
300413
826604
255343
993929
139451
223281
337034
649342
764564
905042
603481
355852
416111
254702
48874
353273
131130
232196
652508
526389
573421
625287
853582
556192
674159
379532
37531
529933
760745
493371
924247
52045
822649
490985
617591
444067
502126
782716
639755
533677
737988
23675
577533
107468
705986
712384
233055
257235
885225
583872
267673
917959
997792
891017
228824
743800
235284
980373
415948
435490
363346
874845
968097
587002
711152
643192
464166
979099
332505
305306
711858
771572
727879
171179
455630
66475
512446
920692
26468
374235
608053
152320
408191
297248
688415
881185
385814
965640
758894
362967
215227
17144
189988
561303
41917
331160
151574
998736
376450
406476
506282
210388
366175
321920
725497
139159
68383
886975
261523
289714
902079
518561
482311
896876
475352
851693
778706
868469
921219
400853
60120
663859
331895
380166
385596
453847
877092
787166
692778
419118
789340
987350
150408
446610
650228
692716
614740
436013
295418
514036
496274
585050
641805
915261
854862
84926
214527
454920
886310
194173
694004
914824
921886
881651
966892
77558
730258
360907
175164
271312
921944
822921
636448
799707
931060
362222
718093
600554
887983
212756
309833
183825
260078
238308
555836
969435
687302
416650
891360
826003
684721
739740
785924
98686
848998
943543
969452
244596
403187
679548
554401
965269
26090
252286
850694
489106
600070
378295
496924
612607
617253
987139
724905
819895
35154
892978
441082
891527
430461
829560
818413
239836
299829
680260
712977
872216
114181
317212
998366
281700
899861
603303
632047
329315
833482
879276
853580
821789
828668
6054
649872
469433
777108
799678
685182
888257
44355
81941
795995
422870
721277
671948
235977
227852
468150
200716
276344
31236
482512
221758
460584
149125
657236
232226
982847
301198
655417
39935
267980
295062
443366
648317
607912
164167
977846
305242
583603
961060
126490
52598
998089
701007
223503
845533
123074
490562
462066
869928
951160
925054
102349
317433
569600
493653
279617
754734
738544
199891
209492
384848
915633
173253
358371
256167
551613
375332
121495
330807
488225
52294
901061
275362
210196
878312
955859
819594
55730
110354
453490
589038
768861
408136
816459
797157
678498
397961
759780
967919
248520
423342
496649
97210
336376
128734
969633
708461
272074
588580
134073
214625
611467
659844
925937
683012
270738
865694
138323
760071
618217
9555
312443
393534
650122
261721
727299
636900
275807
31211
986815
671369
476110
840738
125932
783538
691360
863211
146471
538989
318926
852969
777719
304040
463026
667215
582383
949470
749112
421139
440247
770184
343368
626338
242997
741758
435937
701823
859852
477629
473
342610
454435
822771
882354
548947
791718
49793
141297
768180
924731
28075
759975
336575
747187
799350
461543
526320
298751
413844
610724
70868
824935
104932
711745
164477
315769
882584
300575
415306
343004
74678
297383
322058
107622
633447
583096
285866
611833
71298
489310
217614
634964
399078
607820
91661
873317
923328
109479
68301
916397
65368
933506
891480
724055
917960
62893
747956
877662
943982
896518
196041
446303
665591
91796
533520
877802
111063
928780
583736
397304
368043
881848
438824
491908
385204
310134
831717
103415
799861
655150
150307
786555
882585
860135
779223
728136
779471
381728
925174
139202
434119
303984
165564
792997
130528
900035
79608
160822
612510
492642
715867
961072
94115
467878
11482
836774
219733
475739
667046
701399
875266
52227
91344
449402
769804
910681
209151
833447
6531
564764
842477
429852
859676
960082
168478
476883
174021
572792
148373
978008
345019
958771
832164
282326
574527
442573
269767
337332
389328
435913
964940
817868
350806
168085
401806
707551
472519
714846
681404
328211
13679
334765
882359
575063
85302
621327
660915
181451
784525
801595
190358
298300
953822
131537
482055
205767
689165
60647
687833
733776
697268
465778
394038
683734
913458
644845
323722
971797
907007
445494
772846
717159
923908
459039
151830
105430
186256
733400
163941
226723
667717
610893
124389
678802
478190
5664
347726
516358
540166
974335
359919
593605
109265
149713
134499
588074
447684
73634
660080
983209
151437
139285
362639
367776
199178
693904
440012
828161
65455
649329
784648
244278
353631
723170
457320
763716
3648
292244
25014
320995
42048
875707
455362
10978
623822
190276
708463
392634
625278
482687
439689
740789
188023
275672
89913
887481
351041
308872
961347
812960
375897
127730
88487
347800
288819
375851
19119
966365
922653
252987
808499
76820
757919
405844
536219
526392
213539
602985
140916
374979
27256
766625
599886
786491
674071
598668
271876
733861
467785
26080
455636
681022
987232
796426
248893
72373
849817
849723
155368
252422
600104
54134
447733
118607
263959
400848
946615
416160
382784
538681
888454
753546
300049
624860
742406
130627
430513
669726
43941
603133
529585
619097
673992
219634
391444
661164
286024
366115
186928
591004
248577
353517
584856
512970
983229
185928
678871
837398
268303
863968
266739
359776
246341
610762
974339
317980
32188
474903
411715
3795
207851
532263
107999
203978
581806
833219
454991
109837
26771
388531
689280
812347
362019
216586
98849
101295
168732
547899
815858
892044
476829
627594
723043
709170
402474
395936
565576
108267
383776
489644
600553
196113
397652
61104
287900
67431
287121
652860
633468
638096
741874
742570
611885
327979
16684
99895
867302
304278
797718
409242
7841
465424
714135
310545
693133
767249
176835
347072
73472
88331
727891
586629
236968
923055
146105
934592
628688
372383
929984
724545
231655
664763
425087
186011
893267
322599
747262
792844
936167
412116
504244
512194
939829
340685
984755
246069
828833
830476
966498
478020
330174
378538
123640
595531
782351
428679
191904
535209
655260
219814
242005
942252
726451
232261
584789
253133
881741
812164
679965
242758
451398
896661
503493
294423
714414
593588
428859
255264
250172
492659
604468
586093
385116
732896
53218
40215
13538
232015
639899
436442
190645
689636
883198
47475
218726
191878
538635
18997
105387
846130
393321
271988
467860
36435
135891
167272
351364
728071
579418
818899
540261
335684
687343
61430
818321
320585
994502
240015
463877
177829
768060
246175
142670
563622
610644
943266
283745
507925
566275
560789
527113
929035
788217
393932
371875
437390
194948
992868
272130
208212
840127
54991
786137
662965
302752
368231
671292
939607
367728
502021
174765
81414
269816
272798
563590
922547
968381
14859
309189
484880
872781
473911
964588
968095
22986
14287
540499
845701
685602
553846
551527
800106
784153
890904
813786
10466
171769
795692
47629
217008
454763
581203
280296
451849
850542
691689
960974
72472
73287
81125
254294
281809
530875
707439
269433
863467
332327
597991
672292
317704
407320
355119
598474
987233
203731
27306
971888
52153
783883
474768
210837
936602
835758
529640
674374
234366
336466
121207
830121
476699
174527
733499
664034
211738
838325
451939
522976
263008
782037
914422
547473
506088
779966
985187
392186
808669
182813
373940
708415
759316
714085
2989
490016
467931
591937
851881
181180
156391
774448
97074
167302
783805
388144
112512
969860
714570
345478
491275
736423
136629
275862
993376
6199
730765
844424
259012
446832
425655
314152
905466
404162
911732
461285
482816
434411
159504
711102
163481
437837
714387
371875
575684
444537
274782
847403
445197
726816
848697
810770
815725
568114
422830
992916
612112
886281
735575
342301
714249
903823
446479
1506
319601
782336
197827
802367
557679
895198
73909
348720
307230
982829
195387
357375
628710
728767
582828
300179
226337
387945
647257
801569
995585
146439
660658
649421
786190
912817
687307
396994
45879
158021
830026
813864
775794
69759
517607
952098
174157
457252
